id;тип баннера;баннер;тип;сущность;редкость;время
1;Персонаж;Зеле;Конус;База данных;3;30/04/23 20:32:12
2;Персонаж;Зеле;Конус;Тренд галактического рынка;4;30/04/23 20:32:12
3;Персонаж;Зеле;Конус;Новые горизонты;3;30/04/23 20:32:00
4;Персонаж;Зеле;Конус;Падение небес;3;30/04/23 20:32:00
5;Персонаж;Зеле;Персонаж;Наташа;4;30/04/23 20:32:00
6;Персонаж;Зеле;Конус;Оборона;3;30/04/23 20:32:00
7;Персонаж;Зеле;Конус;Созвучие;3;30/04/23 20:32:00
8;Персонаж;Зеле;Конус;Ключ от всех дверей;3;30/04/23 20:32:00
9;Персонаж;Зеле;Персонаж;Наташа;4;30/04/23 20:32:00
10;Персонаж;Зеле;Конус;Противостояние;3;30/04/23 20:32:00
11;Персонаж;Зеле;Конус;Скрытая тень;3;30/04/23 20:53:14
12;Персонаж;Зеле;Конус;Янтарь;3;30/04/23 20:53:00
13;Персонаж;Зеле;Конус;Стрелы;3;30/04/23 20:53:00
14;Персонаж;Зеле;Конус;Рог изобилия;3;30/04/23 20:53:00
15;Персонаж;Зеле;Конус;Созвучие;3;30/04/23 20:53:00
16;Персонаж;Зеле;Конус;Янтарь;3;30/04/23 20:53:00
17;Персонаж;Зеле;Конус;Петля;3;30/04/23 20:53:00
18;Персонаж;Зеле;Конус;Выпущенная стрела;3;30/04/23 20:53:00
19;Персонаж;Зеле;Персонаж;Наташа;4;30/04/23 20:53:00
20;Персонаж;Зеле;Конус;Янтарь;3;30/04/23 20:53:00
21;Персонаж;Зеле;Конус;Падение небес;3;01/05/23 11:43:12
22;Персонаж;Зеле;Конус;Петля;3;01/05/23 11:53:55
23;Персонаж;Зеле;Конус;Падение небес;3;01/05/23 11:53:55
24;Персонаж;Зеле;Конус;База данных;3;01/05/23 11:53:55
25;Персонаж;Зеле;Конус;Петля;3;01/05/23 11:53:55
26;Персонаж;Зеле;;Проницательность;3;01/05/23 11:53:55
27;Персонаж;Зеле;;Проницательность;3;01/05/23 11:53:55
28;Персонаж;Зеле;;Размножение;3;01/05/23 11:53:55
29;Персонаж;Зеле;Конус;Пусть мир не стихает;4;01/05/23 11:53:55
30;Персонаж;Зеле;Персонаж;Пела;4;01/05/23 11:53:55
31;Персонаж;Зеле;;Скрытая тень;3;01/05/23 11:53:55
32;Персонаж;Зеле;;Спелый плод;3;02/05/23 00:20:02
33;Персонаж;Зеле;;Созвучие;3;02/05/23 00:20:00
34;Персонаж;Зеле;;Рог изобилия;3;02/05/23 00:20:00
35;Персонаж;Зеле;;Рог изобилия;3;02/05/23 00:20:00
36;Персонаж;Зеле;;Новые горизонты;3;02/05/23 00:20:00
37;Персонаж;Зеле;;Проницательность;3;02/05/23 00:20:00
38;Персонаж;Зеле;;Совместная гибель;3;02/05/23 00:20:00
39;Персонаж;Зеле;Конус;Кроты приветствуют тебя;4;02/05/23 00:20:00
40;Персонаж;Зеле;;Совместная гибель;3;02/05/23 00:20:00
41;Персонаж;Зеле;;Расколовшийся дом;3;02/05/23 00:20:00
42;Персонаж;Зеле;;Расколовшийся дом;3;02/05/23 15:14:16
43;Персонаж;Зеле;;Спелый плод;3;02/05/23 15:14:00
44;Персонаж;Зеле;;База данных;3;02/05/23 15:14:00
45;Персонаж;Зеле;;Совместная гибель;3;02/05/23 15:14:00
46;Персонаж;Зеле;;Падение небес;3;02/05/23 15:14:00
47;Персонаж;Зеле;;Рог изобилия;3;02/05/23 15:14:00
48;Персонаж;Зеле;;Размножение;3;02/05/23 15:14:00
49;Персонаж;Зеле;Персонаж;Пела;4;02/05/23 15:14:00
50;Персонаж;Зеле;;Созвучие;3;02/05/23 15:14:00
51;Персонаж;Зеле;;Оборона;3;02/05/23 15:14:00
52;Персонаж;Зеле;;Стрелы;3;05/05/23 11:45:18
53;Персонаж;Зеле;;Противостояние;3;05/05/23 11:45:18
54;Персонаж;Зеле;;Падение небес;3;05/05/23 11:45:18
55;Персонаж;Зеле;;Оборона;3;05/05/23 11:45:18
56;Персонаж;Зеле;;Оборона;3;05/05/23 11:45:18
57;Персонаж;Зеле;;Оборона;3;05/05/23 11:45:18
58;Персонаж;Зеле;;Расколовшийся дом;3;05/05/23 11:45:18
59;Персонаж;Зеле;Персонаж;Наташа;4;05/05/23 11:45:18
60;Персонаж;Зеле;;Размножение;3;05/05/23 11:45:18
61;Персонаж;Зеле;;Новые горизонты;3;05/05/23 11:45:18
62;Персонаж;Зеле;;База данных;3;05/05/23 21:34:35
63;Персонаж;Зеле;;Янтарь;3;05/05/23 21:34:55
64;Персонаж;Зеле;;Расколовшийся дом;3;05/05/23 21:35:14
65;Персонаж;Зеле;;База данных;3;05/05/23 21:35:33
66;Персонаж;Зеле;;Расколовшийся дом;3;05/05/23 21:35:54
67;Персонаж;Зеле;;Хор;3;05/05/23 21:36:13
68;Персонаж;Зеле;Конус;Танцуй! Танцуй! Танцуй!;4;05/05/23 21:36:32
69;Персонаж;Зеле;;Петля;3;05/05/23 21:36:55
70;Персонаж;Зеле;;Сцепленные шестерни;3;05/05/23 21:42:47
71;Персонаж;Зеле;;База данных;3;05/05/23 21:43:07
72;Персонаж;Зеле;;Совместная гибель;3;05/05/23 22:11:06
73;Персонаж;Зеле;;Рог изобилия;3;05/05/23 22:11:38
74;Персонаж;Зеле;;Противостояние;3;05/05/23 22:12:10
75;Персонаж;Зеле;Персонаж;Пела;4;06/05/23 00:31:09
76;Персонаж;Зеле;Персонаж;Зеле;5;06/05/23 13:24:13
77;Персонаж;Зеле;;Пустота;3;08/05/23 17:36:26
78;Персонаж;Зеле;;Проницательность;3;08/05/23 17:36:26
79;Персонаж;Зеле;;Стрелы;3;08/05/23 17:36:26
80;Персонаж;Зеле;;Совместная гибель;3;08/05/23 17:36:26
81;Персонаж;Зеле;;Оборона;3;08/05/23 17:36:26
82;Персонаж;Зеле;;Оборона;3;08/05/23 17:36:26
83;Персонаж;Зеле;;Сцепленные шестерни;3;08/05/23 17:36:26
84;Персонаж;Зеле;Конус;Танцуй! Танцуй! Танцуй!;4;08/05/23 17:36:26
85;Персонаж;Зеле;;Петля;3;08/05/23 17:36:26
86;Персонаж;Зеле;;Хор;3;08/05/23 17:36:26
87;Персонаж;Зеле;;Хор;3;09/05/23 13:27:16
88;Персонаж;Зеле;;Размножение;3;09/05/23 13:27:16
89;Персонаж;Зеле;;Совместная гибель;3;09/05/23 13:27:16
90;Персонаж;Зеле;;Скрытая тень;3;09/05/23 13:27:16
91;Персонаж;Зеле;Персонаж;Пела;4;09/05/23 13:27:00
92;Персонаж;Зеле;;Совместная гибель;3;09/05/23 13:27:00
93;Персонаж;Зеле;;Пустота;3;09/05/23 13:27:00
94;Персонаж;Зеле;;Совместная гибель;3;09/05/23 13:27:00
95;Персонаж;Зеле;;Рог изобилия;3;09/05/23 13:27:00
96;Персонаж;Зеле;;Скрытая тень;3;09/05/23 13:27:00
97;Персонаж;Зеле;;Падение небес;3;11/05/23 13:17:53
98;Персонаж;Зеле;;Хор;3;11/05/23 13:17:53
99;Персонаж;Зеле;;Стрелы;3;11/05/23 13:17:53
100;Персонаж;Зеле;;Падение небес;3;11/05/23 13:17:53
101;Персонаж;Зеле;Персонаж;Сушан;4;11/05/23 13:17:53
102;Персонаж;Зеле;;Размножение;3;11/05/23 13:17:53
103;Персонаж;Зеле;;База данных;3;11/05/23 13:17:53
104;Персонаж;Зеле;;Размножение;3;11/05/23 13:17:53
105;Персонаж;Зеле;;Петля;3;11/05/23 13:17:53
106;Персонаж;Зеле;;Стрелы;3;11/05/23 13:17:53
107;Персонаж;Зеле;;Хор;3;11/05/23 13:55:15
108;Персонаж;Зеле;;Новые горизонты;3;11/05/23 13:55:31
109;Персонаж;Зеле;;Хор;3;11/05/23 13:55:35
110;Персонаж;Зеле;Персонаж;Пела;4;11/05/23 13:55:39
111;Персонаж;Зеле;;Размножение;3;11/05/23 13:55:44
112;Персонаж;Зеле;;Расколовшийся дом;3;11/05/23 14:40:24
113;Персонаж;Зеле;;Противостояние;3;11/05/23 17:38:15
114;Персонаж;Зеле;;Новые горизонты;3;11/05/23 17:38:21
115;Персонаж;Зеле;;Падение небес;3;11/05/23 17:51:46
116;Персонаж;Зеле;;Противостояние;3;12/05/23 02:07:27
117;Персонаж;Зеле;;Петля;3;12/05/23 11:39:06
118;Персонаж;Зеле;;Рог изобилия;3;12/05/23 11:39:16
119;Персонаж;Зеле;;Новые горизонты;3;12/05/23 11:39:30
120;Персонаж;Зеле;Конус;Кроты приветствуют тебя;4;12/05/23 11:39:41
121;Персонаж;Зеле;;Сцепленные шестерни;3;12/05/23 19:34:29
122;Персонаж;Зеле;;Противостояние;3;12/05/23 21:46:44
123;Персонаж;Зеле;;База данных;3;13/05/23 16:56:02
124;Персонаж;Зеле;;Противостояние;3;14/05/23 10:06:42
125;Персонаж;Зеле;;Размножение;3;14/05/23 13:22:18
126;Персонаж;Зеле;;Рог изобилия;3;14/05/23 13:28:38
127;Персонаж;Зеле;;Новые горизонты;3;14/05/23 13:57:18
128;Персонаж;Зеле;Персонаж;Хук;4;14/05/23 13:57:25
129;Персонаж;Зеле;;Размножение;3;14/05/23 13:57:31
130;Персонаж;Зеле;;Противостояние;3;14/05/23 15:39:09
131;Персонаж;Зеле;;Выпущенная стрела;3;14/05/23 15:39:13
132;Персонаж;Зеле;;Скрытая тень;3;14/05/23 15:39:18
133;Персонаж;Зеле;;Противостояние;3;14/05/23 15:39:21
134;Персонаж;Зеле;;Расколовшийся дом;3;14/05/23 16:26:08
135;Персонаж;Зеле;;Выпущенная стрела;3;14/05/23 16:45:33
136;Персонаж;Зеле;;Расколовшийся дом;3;14/05/23 17:00:14
137;Персонаж;Зеле;Персонаж;Пела;4;15/05/23 11:43:59
138;Персонаж;Зеле;;Противостояние;3;15/05/23 11:44:03
139;Персонаж;Зеле;;Пустота;3;15/05/23 13:46:05
140;Персонаж;Зеле;;Петля;3;16/05/23 18:04:54
141;Персонаж;Серебряный волк;Персонаж;Аста;4;27/06/23 13:09:57
142;Персонаж;Серебряный волк;;Пустота;3;27/06/23 13:09:57
143;Персонаж;Серебряный волк;;Размножение;3;27/06/23 13:09:57
144;Персонаж;Серебряный волк;;Совместная гибель;3;27/06/23 13:09:57
145;Персонаж;Серебряный волк;;Рог изобилия;3;27/06/23 13:09:57
146;Персонаж;Серебряный волк;;Созвучие;3;27/06/23 13:09:57
147;Персонаж;Серебряный волк;;Оборона;3;27/06/23 13:09:57
148;Персонаж;Серебряный волк;;Новые горизонты;3;27/06/23 13:09:57
149;Персонаж;Серебряный волк;;Противостояние;3;27/06/23 13:09:57
150;Персонаж;Серебряный волк;Персонаж;Аста;4;27/06/23 13:09:57
151;Персонаж;Серебряный волк;;Созвучие;3;27/06/23 13:10:18
152;Персонаж;Серебряный волк;Персонаж;Серебряный Волк;5;27/06/23 13:10:18
153;Персонаж;Серебряный волк;;Спелый плод;3;27/06/23 13:10:18
154;Персонаж;Серебряный волк;;Созвучие;3;27/06/23 13:10:18
155;Персонаж;Серебряный волк;;Размножение;3;27/06/23 13:10:18
156;Персонаж;Серебряный волк;;База данных;3;27/06/23 13:10:18
157;Персонаж;Серебряный волк;;Новые горизонты;3;27/06/23 13:10:18
158;Персонаж;Серебряный волк;;Проницательность;3;27/06/23 13:10:18
159;Персонаж;Серебряный волк;;Ключ от всех дверей;3;27/06/23 13:10:18
160;Персонаж;Серебряный волк;Персонаж;Сервал;4;27/06/23 13:10:18
161;Персонаж;Серебряный волк;Персонаж;Сервал;4;27/06/23 13:10:18
162;Персонаж;Блейд;;Пустота;3;25/07/23 13:08:23
163;Персонаж;Блейд;;Рог изобилия;3;25/07/23 13:08:23
164;Персонаж;Блейд;;Пустота;3;25/07/23 13:08:23
165;Персонаж;Блейд;;Оборона;3;25/07/23 13:08:23
166;Персонаж;Блейд;;Оборона;3;25/07/23 13:08:23
167;Персонаж;Блейд;;Рог изобилия;3;25/07/23 13:08:23
168;Персонаж;Блейд;;Новые горизонты;3;25/07/23 13:08:23
169;Персонаж;Блейд;;Сцепленные шестерни;3;25/07/23 13:08:23
170;Персонаж;Блейд;;Рог изобилия;3;25/07/23 13:08:23
171;Персонаж;Блейд;Конус;Первый день моей новой жизни;4;25/07/23 13:08:23
172;Персонаж;Блейд;;Противостояние;3;25/07/23 13:08:56
173;Персонаж;Блейд;;Ключ от всех дверей;3;25/07/23 13:08:56
174;Персонаж;Блейд;;Янтарь;3;25/07/23 13:08:56
175;Персонаж;Блейд;;Рог изобилия;3;25/07/23 13:08:56
176;Персонаж;Блейд;;Размножение;3;25/07/23 13:08:56
177;Персонаж;Блейд;;Противостояние;3;25/07/23 13:08:56
178;Персонаж;Блейд;;Пустота;3;25/07/23 13:08:56
179;Персонаж;Блейд;;Выпущенная стрела;3;25/07/23 13:08:56
180;Персонаж;Блейд;Персонаж;Арлан;4;25/07/23 13:08:56
181;Персонаж;Блейд;;Сцепленные шестерни;3;25/07/23 13:08:56
182;Персонаж;Блейд;;Скрытая тень;3;25/07/23 13:09:34
183;Персонаж;Блейд;;База данных;3;25/07/23 13:09:34
184;Персонаж;Блейд;;Расколовшийся дом;3;25/07/23 13:09:34
185;Персонаж;Блейд;;Размножение;3;25/07/23 13:09:34
186;Персонаж;Блейд;;Оборона;3;25/07/23 13:09:34
187;Персонаж;Блейд;;База данных;3;25/07/23 13:09:34
188;Персонаж;Блейд;;Оборона;3;25/07/23 13:09:34
189;Персонаж;Блейд;Конус;Выбор Ландау;4;25/07/23 13:09:34
190;Персонаж;Блейд;;Ключ от всех дверей;3;25/07/23 13:09:34
191;Персонаж;Блейд;;Выпущенная стрела;3;25/07/23 13:09:34
192;Персонаж;Блейд;;Скрытая тень;3;25/07/23 13:10:13
193;Персонаж;Блейд;;Сцепленные шестерни;3;25/07/23 13:10:13
194;Персонаж;Блейд;;Созвучие;3;25/07/23 13:10:13
195;Персонаж;Блейд;;Ключ от всех дверей;3;25/07/23 13:10:13
196;Персонаж;Блейд;;Янтарь;3;25/07/23 13:10:13
197;Персонаж;Блейд;;Рог изобилия;3;25/07/23 13:10:13
198;Персонаж;Блейд;Персонаж;Наташа;4;25/07/23 13:10:13
199;Персонаж;Блейд;;Ключ от всех дверей;3;25/07/23 13:10:13
200;Персонаж;Блейд;;Сцепленные шестерни;3;25/07/23 13:10:13
201;Персонаж;Блейд;;Проницательность;3;25/07/23 13:10:13
202;Персонаж;Блейд;;Спелый плод;3;25/07/23 13:10:47
203;Персонаж;Блейд;;Противостояние;3;25/07/23 13:10:47
204;Персонаж;Блейд;;Проницательность;3;25/07/23 13:10:47
205;Персонаж;Блейд;;Созвучие;3;25/07/23 13:10:47
206;Персонаж;Блейд;;Новые горизонты;3;25/07/23 13:10:47
207;Персонаж;Блейд;Конус;Фехтование;4;25/07/23 13:10:47
208;Персонаж;Блейд;;Стрелы;3;25/07/23 13:10:47
209;Персонаж;Блейд;;Рог изобилия;3;25/07/23 13:10:47
210;Персонаж;Блейд;;Ключ от всех дверей;3;25/07/23 13:10:47
211;Персонаж;Блейд;;Противостояние;3;25/07/23 13:10:47
212;Персонаж;Блейд;;Пустота;3;25/07/23 13:10:57
213;Персонаж;Блейд;;Падение небес;3;25/07/23 13:10:57
214;Персонаж;Блейд;;Расколовшийся дом;3;25/07/23 13:10:57
215;Персонаж;Блейд;;Петля;3;25/07/23 13:10:57
216;Персонаж;Блейд;Персонаж;Наташа;4;25/07/23 13:10:57
217;Персонаж;Блейд;;Янтарь;3;25/07/23 13:10:57
218;Персонаж;Блейд;;Петля;3;25/07/23 13:10:57
219;Персонаж;Блейд;;Ключ от всех дверей;3;25/07/23 13:10:57
220;Персонаж;Блейд;;Новые горизонты;3;25/07/23 13:10:57
221;Персонаж;Блейд;;Стрелы;3;25/07/23 13:10:57
222;Персонаж;Блейд;;Созвучие;3;25/07/23 13:11:08
223;Персонаж;Блейд;;Петля;3;25/07/23 13:11:08
224;Персонаж;Блейд;;Хор;3;25/07/23 13:11:08
225;Персонаж;Блейд;;Рог изобилия;3;25/07/23 13:11:08
226;Персонаж;Блейд;Конус;Первый день моей новой жизни;4;25/07/23 13:11:08
227;Персонаж;Блейд;;Ключ от всех дверей;3;25/07/23 13:11:08
228;Персонаж;Блейд;;Проницательность;3;25/07/23 13:11:08
229;Персонаж;Блейд;Персонаж;Блейд;5;25/07/23 13:11:08
230;Персонаж;Блейд;;Пустота;3;25/07/23 13:11:08
231;Персонаж;Блейд;Персонаж;Блейд;5;25/07/23 13:11:08
232;Персонаж;Кафка;;Пустота;3;09/08/23 13:02:45
233;Персонаж;Кафка;;Стрелы;3;09/08/23 13:02:45
234;Персонаж;Кафка;;Пустота;3;09/08/23 13:02:45
235;Персонаж;Кафка;Персонаж;Лука;4;09/08/23 13:02:45
236;Персонаж;Кафка;;Новые горизонты;3;09/08/23 13:02:45
237;Персонаж;Кафка;;Хор;3;09/08/23 13:02:45
238;Персонаж;Кафка;;Стрелы;3;09/08/23 13:02:45
239;Персонаж;Кафка;;Созвучие;3;09/08/23 13:02:45
240;Персонаж;Кафка;;Стрелы;3;09/08/23 13:02:45
241;Персонаж;Кафка;;Пустота;3;09/08/23 13:02:45
242;Персонаж;Кафка;;Янтарь;3;09/08/23 13:03:11
243;Персонаж;Кафка;;Ключ от всех дверей;3;09/08/23 13:03:11
244;Персонаж;Кафка;;Новые горизонты;3;09/08/23 13:03:11
245;Персонаж;Кафка;Персонаж;Сампо;4;09/08/23 13:03:11
246;Персонаж;Кафка;;Хор;3;09/08/23 13:03:11
247;Персонаж;Кафка;;Оборона;3;09/08/23 13:03:11
248;Персонаж;Кафка;;Проницательность;3;09/08/23 13:03:11
249;Персонаж;Кафка;Персонаж;Сампо;4;09/08/23 13:03:11
250;Персонаж;Кафка;;Янтарь;3;09/08/23 13:03:11
251;Персонаж;Кафка;;Ключ от всех дверей;3;09/08/23 13:03:11
252;Персонаж;Кафка;;Новые горизонты;3;09/08/23 13:03:40
253;Персонаж;Кафка;Персонаж;Сампо;4;09/08/23 13:03:40
254;Персонаж;Кафка;;Стрелы;3;09/08/23 13:03:40
255;Персонаж;Кафка;;Созвучие;3;09/08/23 13:03:40
256;Персонаж;Кафка;;Размножение;3;09/08/23 13:03:40
257;Персонаж;Кафка;;Рог изобилия;3;09/08/23 13:03:40
258;Персонаж;Кафка;;Сцепленные шестерни;3;09/08/23 13:03:40
259;Персонаж;Кафка;Конус;Зарождение себя;4;09/08/23 13:03:40
260;Персонаж;Кафка;;Созвучие;3;09/08/23 13:03:40
261;Персонаж;Кафка;;Хор;3;09/08/23 13:03:40
262;Персонаж;Кафка;;Совместная гибель;3;09/08/23 13:04:12
263;Персонаж;Кафка;;Скрытая тень;3;09/08/23 13:04:12
264;Персонаж;Кафка;;Скрытая тень;3;09/08/23 13:04:12
265;Персонаж;Кафка;;Скрытая тень;3;09/08/23 13:04:12
266;Персонаж;Кафка;;Пустота;3;09/08/23 13:04:12
267;Персонаж;Кафка;;Созвучие;3;09/08/23 13:04:12
268;Персонаж;Кафка;;Противостояние;3;09/08/23 13:04:12
269;Персонаж;Кафка;Персонаж;Лука;4;09/08/23 13:04:12
270;Персонаж;Кафка;;Пустота;3;09/08/23 13:04:12
271;Персонаж;Кафка;;Новые горизонты;3;09/08/23 13:04:12
272;Персонаж;Кафка;;Хор;3;09/08/23 13:04:44
273;Персонаж;Кафка;;Созвучие;3;09/08/23 13:04:44
274;Персонаж;Кафка;;Выпущенная стрела;3;09/08/23 13:04:44
275;Персонаж;Кафка;;Рог изобилия;3;09/08/23 13:04:44
276;Персонаж;Кафка;;Рог изобилия;3;09/08/23 13:04:44
277;Персонаж;Кафка;;Совместная гибель;3;09/08/23 13:04:44
278;Персонаж;Кафка;Персонаж;Сампо;4;09/08/23 13:04:44
279;Персонаж;Кафка;Конус;Решимость блестит подобно жемчужинам пота;4;09/08/23 13:04:44
280;Персонаж;Кафка;;Противостояние;3;09/08/23 13:04:44
281;Персонаж;Кафка;;Стрелы;3;09/08/23 13:04:44
282;Персонаж;Кафка;;Ключ от всех дверей;3;09/08/23 13:05:09
283;Персонаж;Кафка;;Падение небес;3;09/08/23 13:05:09
284;Персонаж;Кафка;;Пустота;3;09/08/23 13:05:09
285;Персонаж;Кафка;;Оборона;3;09/08/23 13:05:09
286;Персонаж;Кафка;;Стрелы;3;09/08/23 13:05:09
287;Персонаж;Кафка;;Падение небес;3;09/08/23 13:05:09
288;Персонаж;Кафка;;Размножение;3;09/08/23 13:05:09
289;Персонаж;Кафка;Персонаж;Лука;4;09/08/23 13:05:09
290;Персонаж;Кафка;;Рог изобилия;3;09/08/23 13:05:09
291;Персонаж;Кафка;;Янтарь;3;09/08/23 13:05:09
292;Персонаж;Кафка;;Созвучие;3;09/08/23 13:05:25
293;Персонаж;Кафка;;Падение небес;3;09/08/23 13:05:25
294;Персонаж;Кафка;;Ключ от всех дверей;3;09/08/23 13:05:25
295;Персонаж;Кафка;;Сцепленные шестерни;3;09/08/23 13:05:25
296;Персонаж;Кафка;;Петля;3;09/08/23 13:05:25
297;Персонаж;Кафка;;Выпущенная стрела;3;09/08/23 13:05:25
298;Персонаж;Кафка;Персонаж;Сервал;4;09/08/23 13:05:25
299;Персонаж;Кафка;;Совместная гибель;3;09/08/23 13:05:25
300;Персонаж;Кафка;;Оборона;3;09/08/23 13:05:25
301;Персонаж;Кафка;;Спелый плод;3;09/08/23 13:05:25
302;Персонаж;Кафка;;Сцепленные шестерни;3;09/08/23 13:05:45
303;Персонаж;Кафка;;База данных;3;09/08/23 13:05:45
304;Персонаж;Кафка;;Рог изобилия;3;09/08/23 13:05:45
305;Персонаж;Кафка;;Выпущенная стрела;3;09/08/23 13:05:45
306;Персонаж;Кафка;Персонаж;Сампо;4;09/08/23 13:05:45
307;Персонаж;Кафка;;Проницательность;3;09/08/23 13:05:45
308;Персонаж;Кафка;Персонаж;Кафка;5;09/08/23 13:05:45
309;Персонаж;Кафка;;Падение небес;3;09/08/23 13:05:45
310;Персонаж;Кафка;;Противостояние;3;09/08/23 13:05:45
311;Персонаж;Кафка;;Противостояние;3;09/08/23 13:05:45
312;Персонаж;Кафка;;Совместная гибель;3;09/08/23 13:16:03
313;Персонаж;Кафка;;Петля;3;09/08/23 13:16:07
314;Персонаж;Кафка;;Новые горизонты;3;09/08/23 13:16:11
315;Персонаж;Кафка;;Ключ от всех дверей;3;09/08/23 19:00:08
316;Персонаж;Кафка;Конус;Тренд галактического рынка;4;09/08/23 19:00:31
317;Персонаж;Кафка;;Спелый плод;3;10/08/23 09:54:45
318;Персонаж;Кафка;;Выпущенная стрела;3;10/08/23 19:38:30
319;Персонаж;Кафка;;Противостояние;3;10/08/23 20:00:30
320;Персонаж;Кафка;;Выпущенная стрела;3;14/08/23 21:04:52
321;Персонаж;Кафка;;Спелый плод;3;14/08/23 21:04:52
322;Персонаж;Кафка;;Оборона;3;14/08/23 21:04:52
323;Персонаж;Кафка;;Размножение;3;14/08/23 21:04:52
324;Персонаж;Кафка;;Размножение;3;14/08/23 21:04:52
325;Персонаж;Кафка;;Совместная гибель;3;14/08/23 21:04:52
326;Персонаж;Кафка;Персонаж;Лука;4;14/08/23 21:04:52
327;Персонаж;Кафка;;Хор;3;14/08/23 21:04:52
328;Персонаж;Кафка;;Рог изобилия;3;14/08/23 21:04:52
329;Персонаж;Кафка;;Падение небес;3;14/08/23 21:04:52
330;Персонаж;Кафка;;Оборона;3;14/08/23 21:05:27
331;Персонаж;Кафка;Конус;Отдых гениев;4;15/08/23 11:11:45
332;Персонаж;Кафка;;Ключ от всех дверей;3;15/08/23 12:12:53
333;Персонаж;Кафка;;Петля;3;17/08/23 00:12:30
334;Персонаж;Кафка;;Совместная гибель;3;17/08/23 21:49:50
335;Персонаж;Кафка;;Падение небес;3;18/08/23 10:27:24
336;Персонаж;Кафка;;Размножение;3;18/08/23 15:16:58
337;Персонаж;Кафка;;Рог изобилия;3;18/08/23 15:17:06
338;Персонаж;Кафка;;Падение небес;3;19/08/23 23:11:57
339;Персонаж;Кафка;;Проницательность;3;20/08/23 01:09:34
340;Персонаж;Кафка;Персонаж;Сампо;4;20/08/23 01:09:41
341;Персонаж;Кафка;;Ключ от всех дверей;3;20/08/23 10:56:09
342;Персонаж;Кафка;;Сцепленные шестерни;3;20/08/23 11:35:35
343;Персонаж;Кафка;;База данных;3;21/08/23 09:26:19
344;Персонаж;Кафка;;Размножение;3;21/08/23 10:06:44
345;Персонаж;Кафка;;Сцепленные шестерни;3;21/08/23 14:28:18
346;Персонаж;Кафка;;База данных;3;26/08/23 11:47:35
347;Персонаж;Кафка;;Рог изобилия;3;26/08/23 11:47:42
348;Персонаж;Кафка;;Размножение;3;26/08/23 11:47:58
349;Персонаж;Кафка;;Совместная гибель;3;26/08/23 11:48:07
350;Персонаж;Кафка;Конус;Взгляд жертвы;4;26/08/23 11:48:15
351;Персонаж;Кафка;;Стрелы;3;26/08/23 11:48:23
352;Персонаж;Кафка;;Противостояние;3;27/08/23 10:02:04
353;Персонаж;Кафка;;Спелый плод;3;28/08/23 09:52:26
354;Персонаж;Кафка;;Скрытая тень;3;29/08/23 10:05:20
355;Персонаж;Кафка;;Хор;3;29/08/23 10:29:31
356;Персонаж;Кафка;;Янтарь;3;29/08/23 12:23:48
357;Персонаж;Фу Сюань;Персонаж;Хук;4;20/09/23 14:38:41
358;Персонаж;Фу Сюань;;База данных;3;20/09/23 14:38:41
359;Персонаж;Фу Сюань;;Ключ от всех дверей;3;20/09/23 14:38:41
360;Персонаж;Фу Сюань;;Созвучие;3;20/09/23 14:38:41
361;Персонаж;Фу Сюань;Персонаж;Рысь;4;20/09/23 14:38:41
362;Персонаж;Фу Сюань;;Ключ от всех дверей;3;20/09/23 14:38:41
363;Персонаж;Фу Сюань;;Скрытая тень;3;20/09/23 14:38:41
364;Персонаж;Фу Сюань;;Выпущенная стрела;3;20/09/23 14:38:41
365;Персонаж;Фу Сюань;;Пустота;3;20/09/23 14:38:41
366;Персонаж;Фу Сюань;;Новые горизонты;3;20/09/23 14:38:41
367;Персонаж;Фу Сюань;;Янтарь;3;20/09/23 14:39:15
368;Персонаж;Фу Сюань;;Совместная гибель;3;20/09/23 14:39:15
369;Персонаж;Фу Сюань;;Петля;3;20/09/23 14:39:15
370;Персонаж;Фу Сюань;;Созвучие;3;20/09/23 14:39:15
371;Персонаж;Фу Сюань;Персонаж;Рысь;4;20/09/23 14:39:15
372;Персонаж;Фу Сюань;;Выпущенная стрела;3;20/09/23 14:39:15
373;Персонаж;Фу Сюань;;Совместная гибель;3;20/09/23 14:39:15
374;Персонаж;Фу Сюань;;База данных;3;20/09/23 14:39:15
375;Персонаж;Фу Сюань;;Выпущенная стрела;3;20/09/23 14:39:15
376;Персонаж;Фу Сюань;;Падение небес;3;20/09/23 14:39:15
377;Персонаж;Фу Сюань;;Спелый плод;3;20/09/23 14:39:31
378;Персонаж;Фу Сюань;;Рог изобилия;3;20/09/23 14:39:31
379;Персонаж;Фу Сюань;;Противостояние;3;20/09/23 14:39:31
380;Персонаж;Фу Сюань;Персонаж;Хук;4;20/09/23 14:39:31
381;Персонаж;Фу Сюань;;Рог изобилия;3;20/09/23 14:39:31
382;Персонаж;Фу Сюань;;Петля;3;20/09/23 14:39:31
383;Персонаж;Фу Сюань;;Созвучие;3;20/09/23 14:39:31
384;Персонаж;Фу Сюань;Персонаж;Яньцин;5;20/09/23 14:39:31
385;Персонаж;Фу Сюань;;Рог изобилия;3;20/09/23 14:39:31
386;Персонаж;Фу Сюань;;Янтарь;3;20/09/23 14:39:31
387;Персонаж;Фу Сюань;Персонаж;Пела;4;20/09/23 14:41:35
388;Персонаж;Фу Сюань;;Оборона;3;20/09/23 14:41:35
389;Персонаж;Фу Сюань;;Новые горизонты;3;20/09/23 14:41:35
390;Персонаж;Фу Сюань;;Сцепленные шестерни;3;20/09/23 14:41:35
391;Персонаж;Фу Сюань;;Янтарь;3;20/09/23 14:41:35
392;Персонаж;Фу Сюань;;Проницательность;3;20/09/23 14:41:35
393;Персонаж;Фу Сюань;;Проницательность;3;20/09/23 14:41:35
394;Персонаж;Фу Сюань;;Ключ от всех дверей;3;20/09/23 14:41:35
395;Персонаж;Фу Сюань;;Хор;3;20/09/23 14:41:35
396;Персонаж;Фу Сюань;Персонаж;Рысь;4;20/09/23 14:41:35
397;Персонаж;Фу Сюань;;База данных;3;20/09/23 14:41:56
398;Персонаж;Фу Сюань;;Петля;3;20/09/23 14:41:56
399;Персонаж;Фу Сюань;;Петля;3;20/09/23 14:41:56
400;Персонаж;Фу Сюань;;Сцепленные шестерни;3;20/09/23 14:41:56
401;Персонаж;Фу Сюань;;Падение небес;3;20/09/23 14:41:56
402;Персонаж;Фу Сюань;;Спелый плод;3;20/09/23 14:41:56
403;Персонаж;Фу Сюань;;Размножение;3;20/09/23 14:41:56
404;Персонаж;Фу Сюань;;База данных;3;20/09/23 14:41:56
405;Персонаж;Фу Сюань;;Выпущенная стрела;3;20/09/23 14:41:56
406;Персонаж;Фу Сюань;Персонаж;Хук;4;20/09/23 14:41:56
407;Персонаж;Фу Сюань;;Противостояние;3;20/09/23 14:42:29
408;Персонаж;Фу Сюань;;Созвучие;3;20/09/23 14:42:29
409;Персонаж;Фу Сюань;;Проницательность;3;20/09/23 14:42:29
410;Персонаж;Фу Сюань;;Расколовшийся дом;3;20/09/23 14:42:29
411;Персонаж;Фу Сюань;;Ключ от всех дверей;3;20/09/23 14:42:29
412;Персонаж;Фу Сюань;;Янтарь;3;20/09/23 14:42:29
413;Персонаж;Фу Сюань;;Противостояние;3;20/09/23 14:42:29
414;Персонаж;Фу Сюань;;Хор;3;20/09/23 14:42:29
415;Персонаж;Фу Сюань;;Падение небес;3;20/09/23 14:42:29
416;Персонаж;Фу Сюань;Персонаж;Рысь;4;20/09/23 14:42:29
417;Персонаж;Фу Сюань;;Ключ от всех дверей;3;20/09/23 14:43:00
418;Персонаж;Фу Сюань;;Хор;3;20/09/23 14:43:00
419;Персонаж;Фу Сюань;;Оборона;3;20/09/23 14:43:00
420;Персонаж;Фу Сюань;;Новые горизонты;3;20/09/23 14:43:00
421;Персонаж;Фу Сюань;;Падение небес;3;20/09/23 14:43:00
422;Персонаж;Фу Сюань;;Скрытая тень;3;20/09/23 14:43:00
423;Персонаж;Фу Сюань;;Пустота;3;20/09/23 14:43:00
424;Персонаж;Фу Сюань;;Противостояние;3;20/09/23 14:43:00
425;Персонаж;Фу Сюань;;Ключ от всех дверей;3;20/09/23 14:43:00
426;Персонаж;Фу Сюань;Конус;Отдых гениев;4;20/09/23 14:43:00
427;Персонаж;Фу Сюань;;Оборона;3;20/09/23 14:43:21
428;Персонаж;Фу Сюань;;Сцепленные шестерни;3;20/09/23 14:43:21
429;Персонаж;Фу Сюань;;Стрелы;3;20/09/23 14:43:21
430;Персонаж;Фу Сюань;;Оборона;3;20/09/23 14:43:21
431;Персонаж;Фу Сюань;;Скрытая тень;3;20/09/23 14:43:21
432;Персонаж;Фу Сюань;;Размножение;3;20/09/23 14:43:21
433;Персонаж;Фу Сюань;;Выпущенная стрела;3;20/09/23 14:43:21
434;Персонаж;Фу Сюань;;Оборона;3;20/09/23 14:43:21
435;Персонаж;Фу Сюань;Персонаж;Пела;4;20/09/23 14:43:21
436;Персонаж;Фу Сюань;;Выпущенная стрела;3;20/09/23 14:43:21
437;Персонаж;Фу Сюань;;Выпущенная стрела;3;20/09/23 14:43:21
438;Персонаж;Фу Сюань;;Расколовшийся дом;3;20/09/23 14:43:45
439;Персонаж;Фу Сюань;;Противостояние;3;20/09/23 14:44:03
440;Персонаж;Фу Сюань;;Созвучие;3;20/09/23 14:44:03
441;Персонаж;Фу Сюань;;Выпущенная стрела;3;20/09/23 14:44:03
442;Персонаж;Фу Сюань;;Выпущенная стрела;3;20/09/23 14:44:03
443;Персонаж;Фу Сюань;;Сцепленные шестерни;3;20/09/23 14:44:03
444;Персонаж;Фу Сюань;;Оборона;3;20/09/23 14:44:03
445;Персонаж;Фу Сюань;Конус;Под голубым небом;4;20/09/23 14:44:03
446;Персонаж;Фу Сюань;;Выпущенная стрела;3;20/09/23 14:44:03
447;Персонаж;Фу Сюань;;Расколовшийся дом;3;20/09/23 14:44:03
448;Персонаж;Фу Сюань;;Выпущенная стрела;3;20/09/23 14:44:03
449;Персонаж;Фу Сюань;;База данных;3;20/09/23 14:44:35
450;Персонаж;Фу Сюань;;Рог изобилия;3;20/09/23 15:08:45
451;Персонаж;Фу Сюань;;Расколовшийся дом;3;20/09/23 15:09:23
452;Персонаж;Фу Сюань;Персонаж;Хук;4;20/09/23 15:48:25
453;Персонаж;Фу Сюань;;Оборона;3;21/09/23 11:16:28
454;Персонаж;Фу Сюань;;Совместная гибель;3;21/09/23 11:28:25
455;Персонаж;Фу Сюань;;База данных;3;21/09/23 11:28:41
456;Персонаж;Фу Сюань;;Противостояние;3;21/09/23 11:28:57
457;Персонаж;Фу Сюань;;Оборона;3;21/09/23 11:29:12
458;Персонаж;Фу Сюань;;Стрелы;3;21/09/23 11:29:28
459;Персонаж;Фу Сюань;;Созвучие;3;21/09/23 11:42:20
460;Персонаж;Фу Сюань;;Размножение;3;21/09/23 23:31:37
461;Персонаж;Фу Сюань;Персонаж;Фу Сюань;5;21/09/23 23:32:37
462;Персонаж;Фу Сюань;Конус;Под голубым небом;4;21/09/23 23:31:05
463;Персонаж;Фу Сюань;;Выпущенная стрела;3;22/09/23 10:23:46
464;Персонаж;Фу Сюань;;Хор;3;25/09/23 13:02:48
465;Персонаж;Фу Сюань;;Выпущенная стрела;3;25/09/23 13:02:54
466;Персонаж;Фу Сюань;;Спелый плод;3;25/09/23 13:03:00
467;Персонаж;Фу Сюань;;Новые горизонты;3;26/09/23 01:07:35
468;Персонаж;Фу Сюань;;Размножение;3;26/09/23 10:44:49
469;Персонаж;Фу Сюань;;Новые горизонты;3;27/09/23 08:48:46
470;Персонаж;Фу Сюань;;Хор;3;27/09/23 20:39:21
471;Персонаж;Фу Сюань;Персонаж;Хук;4;28/09/23 18:32:18
472;Персонаж;Фу Сюань;;Сцепленные шестерни;3;04/10/23 18:25:07
473;Персонаж;Фу Сюань;Персонаж;Хук;4;04/10/23 18:25:07
474;Персонаж;Фу Сюань;;База данных;3;04/10/23 18:25:07
475;Персонаж;Фу Сюань;;Петля;3;04/10/23 18:25:07
476;Персонаж;Фу Сюань;;Рог изобилия;3;04/10/23 18:25:07
477;Персонаж;Фу Сюань;;Скрытая тень;3;04/10/23 18:25:07
478;Персонаж;Фу Сюань;;Сцепленные шестерни;3;04/10/23 18:25:07
479;Персонаж;Фу Сюань;;Скрытая тень;3;04/10/23 18:25:07
480;Персонаж;Фу Сюань;;Оборона;3;04/10/23 18:25:07
481;Персонаж;Фу Сюань;;Спелый плод;3;04/10/23 18:25:07
482;Персонаж;Фу Сюань;Персонаж;Пела;4;04/10/23 18:25:38
483;Персонаж;Фу Сюань;;Рог изобилия;3;04/10/23 18:25:38
484;Персонаж;Фу Сюань;;Ключ от всех дверей;3;04/10/23 18:25:38
485;Персонаж;Фу Сюань;;База данных;3;04/10/23 18:25:38
486;Персонаж;Фу Сюань;;Скрытая тень;3;04/10/23 18:25:38
487;Персонаж;Фу Сюань;;Противостояние;3;04/10/23 18:25:38
488;Персонаж;Фу Сюань;;Расколовшийся дом;3;04/10/23 18:25:38
489;Персонаж;Фу Сюань;;Янтарь;3;04/10/23 18:25:38
490;Персонаж;Фу Сюань;;Стрелы;3;04/10/23 18:25:38
491;Персонаж;Фу Сюань;;Новые горизонты;3;04/10/23 18:25:38
492;Персонаж;Цзин Лю;Конус;Зарождение себя;4;11/10/23 10:36:58
493;Персонаж;Цзин Лю;;Пустота;3;11/10/23 10:36:58
494;Персонаж;Цзин Лю;;Спелый плод;3;11/10/23 10:36:58
495;Персонаж;Цзин Лю;;Совместная гибель;3;11/10/23 10:36:58
496;Персонаж;Цзин Лю;;Скрытая тень;3;11/10/23 10:36:58
497;Персонаж;Цзин Лю;;Совместная гибель;3;11/10/23 10:36:58
498;Персонаж;Цзин Лю;;Хор;3;11/10/23 10:36:58
499;Персонаж;Цзин Лю;;Янтарь;3;11/10/23 10:36:58
500;Персонаж;Цзин Лю;;Проницательность;3;11/10/23 10:36:58
501;Персонаж;Цзин Лю;;Рог изобилия;3;11/10/23 10:36:58
502;Персонаж;Цзин Лю;Персонаж;Тинъюнь;4;11/10/23 10:38:48
503;Персонаж;Цзин Лю;;Оборона;3;11/10/23 10:38:48
504;Персонаж;Цзин Лю;;Созвучие;3;11/10/23 10:38:48
505;Персонаж;Цзин Лю;Персонаж;Тинъюнь;4;11/10/23 10:38:48
506;Персонаж;Цзин Лю;;Спелый плод;3;11/10/23 10:38:48
507;Персонаж;Цзин Лю;;Сцепленные шестерни;3;11/10/23 10:38:48
508;Персонаж;Цзин Лю;;Новые горизонты;3;11/10/23 10:38:48
509;Персонаж;Цзин Лю;;Стрелы;3;11/10/23 10:38:48
510;Персонаж;Цзин Лю;;Ключ от всех дверей;3;11/10/23 10:38:48
511;Персонаж;Цзин Лю;;Совместная гибель;3;11/10/23 10:38:48
512;Персонаж;Цзин Лю;;Янтарь;3;11/10/23 22:31:43
513;Персонаж;Цзин Лю;;Хор;3;11/10/23 22:31:43
514;Персонаж;Цзин Лю;;Скрытая тень;3;11/10/23 22:31:43
515;Персонаж;Цзин Лю;Конус;Остается лишь тишина;4;11/10/23 22:31:43
516;Персонаж;Цзин Лю;;Падение небес;3;11/10/23 22:31:43
517;Персонаж;Цзин Лю;;Хор;3;11/10/23 22:31:43
518;Персонаж;Цзин Лю;;Пустота;3;11/10/23 22:31:43
519;Персонаж;Цзин Лю;;Хор;3;11/10/23 22:31:43
520;Персонаж;Цзин Лю;;Пустота;3;11/10/23 22:31:43
521;Персонаж;Цзин Лю;;Противостояние;3;11/10/23 22:31:43
522;Персонаж;Цзин Лю;;Выпущенная стрела;3;11/10/23 22:31:43
523;Персонаж;Цзин Лю;;Выпущенная стрела;3;13/10/23 13:28:16
524;Персонаж;Цзин Лю;;Созвучие;3;13/10/23 13:28:16
525;Персонаж;Цзин Лю;;Пустота;3;13/10/23 13:28:16
526;Персонаж;Цзин Лю;Персонаж;Тинъюнь;4;13/10/23 13:28:16
527;Персонаж;Цзин Лю;;Спелый плод;3;13/10/23 13:28:16
528;Персонаж;Цзин Лю;;Падение небес;3;13/10/23 13:28:16
529;Персонаж;Цзин Лю;;Спелый плод;3;13/10/23 13:28:16
530;Персонаж;Цзин Лю;;Скрытая тень;3;13/10/23 13:28:16
531;Персонаж;Цзин Лю;;Хор;3;13/10/23 13:28:16
532;Персонаж;Цзин Лю;;Противостояние;3;13/10/23 13:28:16
533;Персонаж;Цзин Лю;;Размножение;3;13/10/23 13:28:53
534;Персонаж;Цзин Лю;;Проницательность;3;13/10/23 13:28:53
535;Персонаж;Цзин Лю;Персонаж;Сампо;4;13/10/23 13:28:53
536;Персонаж;Цзин Лю;;Размножение;3;13/10/23 13:28:53
537;Персонаж;Цзин Лю;Персонаж;Гепард;5;13/10/23 13:28:53
538;Персонаж;Цзин Лю;;База данных;3;13/10/23 13:28:53
539;Персонаж;Цзин Лю;Персонаж;Тинъюнь;4;13/10/23 13:28:53
540;Персонаж;Цзин Лю;;Совместная гибель;3;13/10/23 13:28:53
541;Персонаж;Цзин Лю;;Противостояние;3;13/10/23 13:28:53
542;Персонаж;Цзин Лю;;Оборона;3;13/10/23 13:28:53
543;Персонаж;Цзин Лю;;Петля;3;13/10/23 14:22:03
544;Персонаж;Цзин Лю;;Новые горизонты;3;13/10/23 14:22:03
545;Персонаж;Цзин Лю;;Хор;3;13/10/23 14:22:03
546;Персонаж;Цзин Лю;;Ключ от всех дверей;3;13/10/23 14:22:03
547;Персонаж;Цзин Лю;;Хор;3;13/10/23 14:22:03
548;Персонаж;Цзин Лю;;Ключ от всех дверей;3;13/10/23 14:22:03
549;Персонаж;Цзин Лю;Персонаж;Тинъюнь;4;13/10/23 14:22:03
550;Персонаж;Цзин Лю;;Расколовшийся дом;3;13/10/23 14:22:03
551;Персонаж;Цзин Лю;;Пустота;3;13/10/23 14:22:03
552;Персонаж;Цзин Лю;;Скрытая тень;3;13/10/23 14:22:03
553;Персонаж;Цзин Лю;Конус;Пусть мир не стихает;4;14/10/23 22:08:43
554;Персонаж;Цзин Лю;;Выпущенная стрела;3;14/10/23 22:08:43
555;Персонаж;Цзин Лю;;База данных;3;14/10/23 22:08:43
556;Персонаж;Цзин Лю;;Сцепленные шестерни;3;14/10/23 22:08:43
557;Персонаж;Цзин Лю;;Ключ от всех дверей;3;14/10/23 22:08:43
558;Персонаж;Цзин Лю;;Размножение;3;14/10/23 22:08:43
559;Персонаж;Цзин Лю;;Созвучие;3;14/10/23 22:08:43
560;Персонаж;Цзин Лю;;Расколовшийся дом;3;14/10/23 22:08:43
561;Персонаж;Цзин Лю;;Выпущенная стрела;3;14/10/23 22:08:43
562;Персонаж;Цзин Лю;Персонаж;Тинъюнь;4;14/10/23 22:08:43
563;Персонаж;Цзин Лю;;Янтарь;3;15/10/23 14:57:14
564;Персонаж;Цзин Лю;;Выпущенная стрела;3;15/10/23 14:57:14
565;Персонаж;Цзин Лю;;Расколовшийся дом;3;15/10/23 14:57:14
566;Персонаж;Цзин Лю;;Стрелы;3;15/10/23 14:57:14
567;Персонаж;Цзин Лю;;Созвучие;3;15/10/23 14:57:14
568;Персонаж;Цзин Лю;;Созвучие;3;15/10/23 14:57:14
569;Персонаж;Цзин Лю;Персонаж;Сампо;4;15/10/23 14:57:14
570;Персонаж;Цзин Лю;;Оборона;3;15/10/23 14:57:14
571;Персонаж;Цзин Лю;;Падение небес;3;15/10/23 14:57:14
572;Персонаж;Цзин Лю;;Проницательность;3;15/10/23 14:57:14