id;warp type;warp;entity type;entity;rarity;warp time
1;Character Event Warp;Seele;Light Cone;База данных;3;2023-04-30 20:32:12
2;Character Event Warp;Seele;Light Cone;Тренд галактического рынка;4;2023-04-30 20:32:12
3;Character Event Warp;Seele;Light Cone;Новые горизонты;3;2023-04-30 20:32:00
4;Character Event Warp;Seele;Light Cone;Падение небес;3;2023-04-30 20:32:00
5;Character Event Warp;Seele;Character;Наташа;4;2023-04-30 20:32:00
6;Character Event Warp;Seele;Light Cone;Оборона;3;2023-04-30 20:32:00
7;Character Event Warp;Seele;Light Cone;Созвучие;3;2023-04-30 20:32:00
8;Character Event Warp;Seele;Light Cone;Ключ от всех дверей;3;2023-04-30 20:32:00
9;Character Event Warp;Seele;Character;Наташа;4;2023-04-30 20:32:00
10;Character Event Warp;Seele;Light Cone;Противостояние;3;2023-04-30 20:32:00
11;Character Event Warp;Seele;Light Cone;Скрытая тень;3;2023-04-30 20:53:14
12;Character Event Warp;Seele;Light Cone;Янтарь;3;2023-04-30 20:53:00
13;Character Event Warp;Seele;Light Cone;Стрелы;3;2023-04-30 20:53:00
14;Character Event Warp;Seele;Light Cone;Рог изобилия;3;2023-04-30 20:53:00
15;Character Event Warp;Seele;Light Cone;Созвучие;3;2023-04-30 20:53:00
16;Character Event Warp;Seele;Light Cone;Янтарь;3;2023-04-30 20:53:00
17;Character Event Warp;Seele;Light Cone;Петля;3;2023-04-30 20:53:00
18;Character Event Warp;Seele;Light Cone;Выпущенная стрела;3;2023-04-30 20:53:00
19;Character Event Warp;Seele;Character;Наташа;4;2023-04-30 20:53:00
20;Character Event Warp;Seele;Light Cone;Янтарь;3;2023-04-30 20:53:00
21;Character Event Warp;Seele;Light Cone;Падение небес;3;2023-05-01 11:43:12
22;Character Event Warp;Seele;Light Cone;Петля;3;2023-05-01 11:53:55
23;Character Event Warp;Seele;Light Cone;Падение небес;3;2023-05-01 11:53:55
24;Character Event Warp;Seele;Light Cone;База данных;3;2023-05-01 11:53:55
25;Character Event Warp;Seele;Light Cone;Петля;3;2023-05-01 11:53:55
26;Character Event Warp;Seele;Light Cone;Проницательность;3;2023-05-01 11:53:55
27;Character Event Warp;Seele;Light Cone;Проницательность;3;2023-05-01 11:53:55
28;Character Event Warp;Seele;Light Cone;Размножение;3;2023-05-01 11:53:55
29;Character Event Warp;Seele;Light Cone;Пусть мир не стихает;4;2023-05-01 11:53:55
30;Character Event Warp;Seele;Character;Пела;4;2023-05-01 11:53:55
31;Character Event Warp;Seele;Light Cone;Скрытая тень;3;2023-05-01 11:53:55
32;Character Event Warp;Seele;Light Cone;Спелый плод;3;2023-05-02 00:20:02
33;Character Event Warp;Seele;Light Cone;Созвучие;3;2023-05-02 00:20:00
34;Character Event Warp;Seele;Light Cone;Рог изобилия;3;2023-05-02 00:20:00
35;Character Event Warp;Seele;Light Cone;Рог изобилия;3;2023-05-02 00:20:00
36;Character Event Warp;Seele;Light Cone;Новые горизонты;3;2023-05-02 00:20:00
37;Character Event Warp;Seele;Light Cone;Проницательность;3;2023-05-02 00:20:00
38;Character Event Warp;Seele;Light Cone;Совместная гибель;3;2023-05-02 00:20:00
39;Character Event Warp;Seele;Light Cone;Кроты приветствуют тебя;4;2023-05-02 00:20:00
40;Character Event Warp;Seele;Light Cone;Совместная гибель;3;2023-05-02 00:20:00
41;Character Event Warp;Seele;Light Cone;Расколовшийся дом;3;2023-05-02 00:20:00
42;Character Event Warp;Seele;Light Cone;Расколовшийся дом;3;2023-05-02 15:14:16
43;Character Event Warp;Seele;Light Cone;Спелый плод;3;2023-05-02 15:14:00
44;Character Event Warp;Seele;Light Cone;База данных;3;2023-05-02 15:14:00
45;Character Event Warp;Seele;Light Cone;Совместная гибель;3;2023-05-02 15:14:00
46;Character Event Warp;Seele;Light Cone;Падение небес;3;2023-05-02 15:14:00
47;Character Event Warp;Seele;Light Cone;Рог изобилия;3;2023-05-02 15:14:00
48;Character Event Warp;Seele;Light Cone;Размножение;3;2023-05-02 15:14:00
49;Character Event Warp;Seele;Character;Пела;4;2023-05-02 15:14:00
50;Character Event Warp;Seele;Light Cone;Созвучие;3;2023-05-02 15:14:00
51;Character Event Warp;Seele;Light Cone;Оборона;3;2023-05-02 15:14:00
52;Character Event Warp;Seele;Light Cone;Стрелы;3;2023-05-05 11:45:18
53;Character Event Warp;Seele;Light Cone;Противостояние;3;2023-05-05 11:45:18
54;Character Event Warp;Seele;Light Cone;Падение небес;3;2023-05-05 11:45:18
55;Character Event Warp;Seele;Light Cone;Оборона;3;2023-05-05 11:45:18
56;Character Event Warp;Seele;Light Cone;Оборона;3;2023-05-05 11:45:18
57;Character Event Warp;Seele;Light Cone;Оборона;3;2023-05-05 11:45:18
58;Character Event Warp;Seele;Light Cone;Расколовшийся дом;3;2023-05-05 11:45:18
59;Character Event Warp;Seele;Character;Наташа;4;2023-05-05 11:45:18
60;Character Event Warp;Seele;Light Cone;Размножение;3;2023-05-05 11:45:18
61;Character Event Warp;Seele;Light Cone;Новые горизонты;3;2023-05-05 11:45:18
62;Character Event Warp;Seele;Light Cone;База данных;3;2023-05-05 21:34:35
63;Character Event Warp;Seele;Light Cone;Янтарь;3;2023-05-05 21:34:55
64;Character Event Warp;Seele;Light Cone;Расколовшийся дом;3;2023-05-05 21:35:14
65;Character Event Warp;Seele;Light Cone;База данных;3;2023-05-05 21:35:33
66;Character Event Warp;Seele;Light Cone;Расколовшийся дом;3;2023-05-05 21:35:54
67;Character Event Warp;Seele;Light Cone;Хор;3;2023-05-05 21:36:13
68;Character Event Warp;Seele;Light Cone;Танцуй! Танцуй! Танцуй!;4;2023-05-05 21:36:32
69;Character Event Warp;Seele;Light Cone;Петля;3;2023-05-05 21:36:55
70;Character Event Warp;Seele;Light Cone;Сцепленные шестерни;3;2023-05-05 21:42:47
71;Character Event Warp;Seele;Light Cone;База данных;3;2023-05-05 21:43:07
72;Character Event Warp;Seele;Light Cone;Совместная гибель;3;2023-05-05 22:11:06
73;Character Event Warp;Seele;Light Cone;Рог изобилия;3;2023-05-05 22:11:38
74;Character Event Warp;Seele;Light Cone;Противостояние;3;2023-05-05 22:12:10
75;Character Event Warp;Seele;Character;Пела;4;2023-05-06 00:31:09
76;Character Event Warp;Seele;Character;Зеле;5;2023-05-06 13:24:13
77;Character Event Warp;Seele;Light Cone;Пустота;3;2023-05-08 17:36:26
78;Character Event Warp;Seele;Light Cone;Проницательность;3;2023-05-08 17:36:26
79;Character Event Warp;Seele;Light Cone;Стрелы;3;2023-05-08 17:36:26
80;Character Event Warp;Seele;Light Cone;Совместная гибель;3;2023-05-08 17:36:26
81;Character Event Warp;Seele;Light Cone;Оборона;3;2023-05-08 17:36:26
82;Character Event Warp;Seele;Light Cone;Оборона;3;2023-05-08 17:36:26
83;Character Event Warp;Seele;Light Cone;Сцепленные шестерни;3;2023-05-08 17:36:26
84;Character Event Warp;Seele;Light Cone;Танцуй! Танцуй! Танцуй!;4;2023-05-08 17:36:26
85;Character Event Warp;Seele;Light Cone;Петля;3;2023-05-08 17:36:26
86;Character Event Warp;Seele;Light Cone;Хор;3;2023-05-08 17:36:26
87;Character Event Warp;Seele;Light Cone;Хор;3;2023-05-09 13:27:16
88;Character Event Warp;Seele;Light Cone;Размножение;3;2023-05-09 13:27:16
89;Character Event Warp;Seele;Light Cone;Совместная гибель;3;2023-05-09 13:27:16
90;Character Event Warp;Seele;Light Cone;Скрытая тень;3;2023-05-09 13:27:16
91;Character Event Warp;Seele;Character;Пела;4;2023-05-09 13:27:00
92;Character Event Warp;Seele;Light Cone;Совместная гибель;3;2023-05-09 13:27:00
93;Character Event Warp;Seele;Light Cone;Пустота;3;2023-05-09 13:27:00
94;Character Event Warp;Seele;Light Cone;Совместная гибель;3;2023-05-09 13:27:00
95;Character Event Warp;Seele;Light Cone;Рог изобилия;3;2023-05-09 13:27:00
96;Character Event Warp;Seele;Light Cone;Скрытая тень;3;2023-05-09 13:27:00
97;Character Event Warp;Seele;Light Cone;Падение небес;3;2023-05-11 13:17:53
98;Character Event Warp;Seele;Light Cone;Хор;3;2023-05-11 13:17:53
99;Character Event Warp;Seele;Light Cone;Стрелы;3;2023-05-11 13:17:53
100;Character Event Warp;Seele;Light Cone;Падение небес;3;2023-05-11 13:17:53
101;Character Event Warp;Seele;Character;Сушан;4;2023-05-11 13:17:53
102;Character Event Warp;Seele;Light Cone;Размножение;3;2023-05-11 13:17:53
103;Character Event Warp;Seele;Light Cone;База данных;3;2023-05-11 13:17:53
104;Character Event Warp;Seele;Light Cone;Размножение;3;2023-05-11 13:17:53
105;Character Event Warp;Seele;Light Cone;Петля;3;2023-05-11 13:17:53
106;Character Event Warp;Seele;Light Cone;Стрелы;3;2023-05-11 13:17:53
107;Character Event Warp;Seele;Light Cone;Хор;3;2023-05-11 13:55:15
108;Character Event Warp;Seele;Light Cone;Новые горизонты;3;2023-05-11 13:55:31
109;Character Event Warp;Seele;Light Cone;Хор;3;2023-05-11 13:55:35
110;Character Event Warp;Seele;Character;Пела;4;2023-05-11 13:55:39
111;Character Event Warp;Seele;Light Cone;Размножение;3;2023-05-11 13:55:44
112;Character Event Warp;Seele;Light Cone;Расколовшийся дом;3;2023-05-11 14:40:24
113;Character Event Warp;Seele;Light Cone;Противостояние;3;2023-05-11 17:38:15
114;Character Event Warp;Seele;Light Cone;Новые горизонты;3;2023-05-11 17:38:21
115;Character Event Warp;Seele;Light Cone;Падение небес;3;2023-05-11 17:51:46
116;Character Event Warp;Seele;Light Cone;Противостояние;3;2023-05-12 02:07:27
117;Character Event Warp;Seele;Light Cone;Петля;3;2023-05-12 11:39:06
118;Character Event Warp;Seele;Light Cone;Рог изобилия;3;2023-05-12 11:39:16
119;Character Event Warp;Seele;Light Cone;Новые горизонты;3;2023-05-12 11:39:30
120;Character Event Warp;Seele;Light Cone;Кроты приветствуют тебя;4;2023-05-12 11:39:41
121;Character Event Warp;Seele;Light Cone;Сцепленные шестерни;3;2023-05-12 19:34:29
122;Character Event Warp;Seele;Light Cone;Противостояние;3;2023-05-12 21:46:44
123;Character Event Warp;Seele;Light Cone;База данных;3;2023-05-13 16:56:02
124;Character Event Warp;Seele;Light Cone;Противостояние;3;2023-05-14 10:06:42
125;Character Event Warp;Seele;Light Cone;Размножение;3;2023-05-14 13:22:18
126;Character Event Warp;Seele;Light Cone;Рог изобилия;3;2023-05-14 13:28:38
127;Character Event Warp;Seele;Light Cone;Новые горизонты;3;2023-05-14 13:57:18
128;Character Event Warp;Seele;Character;Хук;4;2023-05-14 13:57:25
129;Character Event Warp;Seele;Light Cone;Размножение;3;2023-05-14 13:57:31
130;Character Event Warp;Seele;Light Cone;Противостояние;3;2023-05-14 15:39:09
131;Character Event Warp;Seele;Light Cone;Выпущенная стрела;3;2023-05-14 15:39:13
132;Character Event Warp;Seele;Light Cone;Скрытая тень;3;2023-05-14 15:39:18
133;Character Event Warp;Seele;Light Cone;Противостояние;3;2023-05-14 15:39:21
134;Character Event Warp;Seele;Light Cone;Расколовшийся дом;3;2023-05-14 16:26:08
135;Character Event Warp;Seele;Light Cone;Выпущенная стрела;3;2023-05-14 16:45:33
136;Character Event Warp;Seele;Light Cone;Расколовшийся дом;3;2023-05-14 17:00:14
137;Character Event Warp;Seele;Character;Пела;4;2023-05-15 11:43:59
138;Character Event Warp;Seele;Light Cone;Противостояние;3;2023-05-15 11:44:03
139;Character Event Warp;Seele;Light Cone;Пустота;3;2023-05-15 13:46:05
140;Character Event Warp;Seele;Light Cone;Петля;3;2023-05-16 18:04:54
141;Character Event Warp;Серебряный волк;Character;Аста;4;2023-06-27 13:09:57
142;Character Event Warp;Серебряный волк;Light Cone;Пустота;3;2023-06-27 13:09:57
143;Character Event Warp;Серебряный волк;Light Cone;Размножение;3;2023-06-27 13:09:57
144;Character Event Warp;Серебряный волк;Light Cone;Совместная гибель;3;2023-06-27 13:09:57
145;Character Event Warp;Серебряный волк;Light Cone;Рог изобилия;3;2023-06-27 13:09:57
146;Character Event Warp;Серебряный волк;Light Cone;Созвучие;3;2023-06-27 13:09:57
147;Character Event Warp;Серебряный волк;Light Cone;Оборона;3;2023-06-27 13:09:57
148;Character Event Warp;Серебряный волк;Light Cone;Новые горизонты;3;2023-06-27 13:09:57
149;Character Event Warp;Серебряный волк;Light Cone;Противостояние;3;2023-06-27 13:09:57
150;Character Event Warp;Серебряный волк;Character;Аста;4;2023-06-27 13:09:57
151;Character Event Warp;Серебряный волк;Light Cone;Созвучие;3;2023-06-27 13:10:18
152;Character Event Warp;Серебряный волк;Character;Серебряный Волк;5;2023-06-27 13:10:18
153;Character Event Warp;Серебряный волк;Light Cone;Спелый плод;3;2023-06-27 13:10:18
154;Character Event Warp;Серебряный волк;Light Cone;Созвучие;3;2023-06-27 13:10:18
155;Character Event Warp;Серебряный волк;Light Cone;Размножение;3;2023-06-27 13:10:18
156;Character Event Warp;Серебряный волк;Light Cone;База данных;3;2023-06-27 13:10:18
157;Character Event Warp;Серебряный волк;Light Cone;Новые горизонты;3;2023-06-27 13:10:18
158;Character Event Warp;Серебряный волк;Light Cone;Проницательность;3;2023-06-27 13:10:18
159;Character Event Warp;Серебряный волк;Light Cone;Ключ от всех дверей;3;2023-06-27 13:10:18
160;Character Event Warp;Серебряный волк;Character;Сервал;4;2023-06-27 13:10:18
161;Character Event Warp;Серебряный волк;Character;Сервал;4;2023-06-27 13:10:18
162;Character Event Warp;Блейд;Light Cone;Пустота;3;2023-07-25 13:08:23
163;Character Event Warp;Блейд;Light Cone;Рог изобилия;3;2023-07-25 13:08:23
164;Character Event Warp;Блейд;Light Cone;Пустота;3;2023-07-25 13:08:23
165;Character Event Warp;Блейд;Light Cone;Оборона;3;2023-07-25 13:08:23
166;Character Event Warp;Блейд;Light Cone;Оборона;3;2023-07-25 13:08:23
167;Character Event Warp;Блейд;Light Cone;Рог изобилия;3;2023-07-25 13:08:23
168;Character Event Warp;Блейд;Light Cone;Новые горизонты;3;2023-07-25 13:08:23
169;Character Event Warp;Блейд;Light Cone;Сцепленные шестерни;3;2023-07-25 13:08:23
170;Character Event Warp;Блейд;Light Cone;Рог изобилия;3;2023-07-25 13:08:23
171;Character Event Warp;Блейд;Light Cone;Первый день моей новой жизни;4;2023-07-25 13:08:23
172;Character Event Warp;Блейд;Light Cone;Противостояние;3;2023-07-25 13:08:56
173;Character Event Warp;Блейд;Light Cone;Ключ от всех дверей;3;2023-07-25 13:08:56
174;Character Event Warp;Блейд;Light Cone;Янтарь;3;2023-07-25 13:08:56
175;Character Event Warp;Блейд;Light Cone;Рог изобилия;3;2023-07-25 13:08:56
176;Character Event Warp;Блейд;Light Cone;Размножение;3;2023-07-25 13:08:56
177;Character Event Warp;Блейд;Light Cone;Противостояние;3;2023-07-25 13:08:56
178;Character Event Warp;Блейд;Light Cone;Пустота;3;2023-07-25 13:08:56
179;Character Event Warp;Блейд;Light Cone;Выпущенная стрела;3;2023-07-25 13:08:56
180;Character Event Warp;Блейд;Character;Арлан;4;2023-07-25 13:08:56
181;Character Event Warp;Блейд;Light Cone;Сцепленные шестерни;3;2023-07-25 13:08:56
182;Character Event Warp;Блейд;Light Cone;Скрытая тень;3;2023-07-25 13:09:34
183;Character Event Warp;Блейд;Light Cone;База данных;3;2023-07-25 13:09:34
184;Character Event Warp;Блейд;Light Cone;Расколовшийся дом;3;2023-07-25 13:09:34
185;Character Event Warp;Блейд;Light Cone;Размножение;3;2023-07-25 13:09:34
186;Character Event Warp;Блейд;Light Cone;Оборона;3;2023-07-25 13:09:34
187;Character Event Warp;Блейд;Light Cone;База данных;3;2023-07-25 13:09:34
188;Character Event Warp;Блейд;Light Cone;Оборона;3;2023-07-25 13:09:34
189;Character Event Warp;Блейд;Light Cone;Выбор Ландау;4;2023-07-25 13:09:34
190;Character Event Warp;Блейд;Light Cone;Ключ от всех дверей;3;2023-07-25 13:09:34
191;Character Event Warp;Блейд;Light Cone;Выпущенная стрела;3;2023-07-25 13:09:34
192;Character Event Warp;Блейд;Light Cone;Скрытая тень;3;2023-07-25 13:10:13
193;Character Event Warp;Блейд;Light Cone;Сцепленные шестерни;3;2023-07-25 13:10:13
194;Character Event Warp;Блейд;Light Cone;Созвучие;3;2023-07-25 13:10:13
195;Character Event Warp;Блейд;Light Cone;Ключ от всех дверей;3;2023-07-25 13:10:13
196;Character Event Warp;Блейд;Light Cone;Янтарь;3;2023-07-25 13:10:13
197;Character Event Warp;Блейд;Light Cone;Рог изобилия;3;2023-07-25 13:10:13
198;Character Event Warp;Блейд;Character;Наташа;4;2023-07-25 13:10:13
199;Character Event Warp;Блейд;Light Cone;Ключ от всех дверей;3;2023-07-25 13:10:13
200;Character Event Warp;Блейд;Light Cone;Сцепленные шестерни;3;2023-07-25 13:10:13
201;Character Event Warp;Блейд;Light Cone;Проницательность;3;2023-07-25 13:10:13
202;Character Event Warp;Блейд;Light Cone;Спелый плод;3;2023-07-25 13:10:47
203;Character Event Warp;Блейд;Light Cone;Противостояние;3;2023-07-25 13:10:47
204;Character Event Warp;Блейд;Light Cone;Проницательность;3;2023-07-25 13:10:47
205;Character Event Warp;Блейд;Light Cone;Созвучие;3;2023-07-25 13:10:47
206;Character Event Warp;Блейд;Light Cone;Новые горизонты;3;2023-07-25 13:10:47
207;Character Event Warp;Блейд;Light Cone;Фехтование;4;2023-07-25 13:10:47
208;Character Event Warp;Блейд;Light Cone;Стрелы;3;2023-07-25 13:10:47
209;Character Event Warp;Блейд;Light Cone;Рог изобилия;3;2023-07-25 13:10:47
210;Character Event Warp;Блейд;Light Cone;Ключ от всех дверей;3;2023-07-25 13:10:47
211;Character Event Warp;Блейд;Light Cone;Противостояние;3;2023-07-25 13:10:47
212;Character Event Warp;Блейд;Light Cone;Пустота;3;2023-07-25 13:10:57
213;Character Event Warp;Блейд;Light Cone;Падение небес;3;2023-07-25 13:10:57
214;Character Event Warp;Блейд;Light Cone;Расколовшийся дом;3;2023-07-25 13:10:57
215;Character Event Warp;Блейд;Light Cone;Петля;3;2023-07-25 13:10:57
216;Character Event Warp;Блейд;Character;Наташа;4;2023-07-25 13:10:57
217;Character Event Warp;Блейд;Light Cone;Янтарь;3;2023-07-25 13:10:57
218;Character Event Warp;Блейд;Light Cone;Петля;3;2023-07-25 13:10:57
219;Character Event Warp;Блейд;Light Cone;Ключ от всех дверей;3;2023-07-25 13:10:57
220;Character Event Warp;Блейд;Light Cone;Новые горизонты;3;2023-07-25 13:10:57
221;Character Event Warp;Блейд;Light Cone;Стрелы;3;2023-07-25 13:10:57
222;Character Event Warp;Блейд;Light Cone;Созвучие;3;2023-07-25 13:11:08
223;Character Event Warp;Блейд;Light Cone;Петля;3;2023-07-25 13:11:08
224;Character Event Warp;Блейд;Light Cone;Хор;3;2023-07-25 13:11:08
225;Character Event Warp;Блейд;Light Cone;Рог изобилия;3;2023-07-25 13:11:08
226;Character Event Warp;Блейд;Light Cone;Первый день моей новой жизни;4;2023-07-25 13:11:08
227;Character Event Warp;Блейд;Light Cone;Ключ от всех дверей;3;2023-07-25 13:11:08
228;Character Event Warp;Блейд;Light Cone;Проницательность;3;2023-07-25 13:11:08
229;Character Event Warp;Блейд;Character;Блейд;5;2023-07-25 13:11:08
230;Character Event Warp;Блейд;Light Cone;Пустота;3;2023-07-25 13:11:08
231;Character Event Warp;Блейд;Character;Блейд;5;2023-07-25 13:11:08
232;Character Event Warp;Кафка;Light Cone;Пустота;3;2023-08-09 13:02:45
233;Character Event Warp;Кафка;Light Cone;Стрелы;3;2023-08-09 13:02:45
234;Character Event Warp;Кафка;Light Cone;Пустота;3;2023-08-09 13:02:45
235;Character Event Warp;Кафка;Character;Лука;4;2023-08-09 13:02:45
236;Character Event Warp;Кафка;Light Cone;Новые горизонты;3;2023-08-09 13:02:45
237;Character Event Warp;Кафка;Light Cone;Хор;3;2023-08-09 13:02:45
238;Character Event Warp;Кафка;Light Cone;Стрелы;3;2023-08-09 13:02:45
239;Character Event Warp;Кафка;Light Cone;Созвучие;3;2023-08-09 13:02:45
240;Character Event Warp;Кафка;Light Cone;Стрелы;3;2023-08-09 13:02:45
241;Character Event Warp;Кафка;Light Cone;Пустота;3;2023-08-09 13:02:45
242;Character Event Warp;Кафка;Light Cone;Янтарь;3;2023-08-09 13:03:11
243;Character Event Warp;Кафка;Light Cone;Ключ от всех дверей;3;2023-08-09 13:03:11
244;Character Event Warp;Кафка;Light Cone;Новые горизонты;3;2023-08-09 13:03:11
245;Character Event Warp;Кафка;Character;Сампо;4;2023-08-09 13:03:11
246;Character Event Warp;Кафка;Light Cone;Хор;3;2023-08-09 13:03:11
247;Character Event Warp;Кафка;Light Cone;Оборона;3;2023-08-09 13:03:11
248;Character Event Warp;Кафка;Light Cone;Проницательность;3;2023-08-09 13:03:11
249;Character Event Warp;Кафка;Character;Сампо;4;2023-08-09 13:03:11
250;Character Event Warp;Кафка;Light Cone;Янтарь;3;2023-08-09 13:03:11
251;Character Event Warp;Кафка;Light Cone;Ключ от всех дверей;3;2023-08-09 13:03:11
252;Character Event Warp;Кафка;Light Cone;Новые горизонты;3;2023-08-09 13:03:40
253;Character Event Warp;Кафка;Character;Сампо;4;2023-08-09 13:03:40
254;Character Event Warp;Кафка;Light Cone;Стрелы;3;2023-08-09 13:03:40
255;Character Event Warp;Кафка;Light Cone;Созвучие;3;2023-08-09 13:03:40
256;Character Event Warp;Кафка;Light Cone;Размножение;3;2023-08-09 13:03:40
257;Character Event Warp;Кафка;Light Cone;Рог изобилия;3;2023-08-09 13:03:40
258;Character Event Warp;Кафка;Light Cone;Сцепленные шестерни;3;2023-08-09 13:03:40
259;Character Event Warp;Кафка;Light Cone;Зарождение себя;4;2023-08-09 13:03:40
260;Character Event Warp;Кафка;Light Cone;Созвучие;3;2023-08-09 13:03:40
261;Character Event Warp;Кафка;Light Cone;Хор;3;2023-08-09 13:03:40
262;Character Event Warp;Кафка;Light Cone;Совместная гибель;3;2023-08-09 13:04:12
263;Character Event Warp;Кафка;Light Cone;Скрытая тень;3;2023-08-09 13:04:12
264;Character Event Warp;Кафка;Light Cone;Скрытая тень;3;2023-08-09 13:04:12
265;Character Event Warp;Кафка;Light Cone;Скрытая тень;3;2023-08-09 13:04:12
266;Character Event Warp;Кафка;Light Cone;Пустота;3;2023-08-09 13:04:12
267;Character Event Warp;Кафка;Light Cone;Созвучие;3;2023-08-09 13:04:12
268;Character Event Warp;Кафка;Light Cone;Противостояние;3;2023-08-09 13:04:12
269;Character Event Warp;Кафка;Character;Лука;4;2023-08-09 13:04:12
270;Character Event Warp;Кафка;Light Cone;Пустота;3;2023-08-09 13:04:12
271;Character Event Warp;Кафка;Light Cone;Новые горизонты;3;2023-08-09 13:04:12
272;Character Event Warp;Кафка;Light Cone;Хор;3;2023-08-09 13:04:44
273;Character Event Warp;Кафка;Light Cone;Созвучие;3;2023-08-09 13:04:44
274;Character Event Warp;Кафка;Light Cone;Выпущенная стрела;3;2023-08-09 13:04:44
275;Character Event Warp;Кафка;Light Cone;Рог изобилия;3;2023-08-09 13:04:44
276;Character Event Warp;Кафка;Light Cone;Рог изобилия;3;2023-08-09 13:04:44
277;Character Event Warp;Кафка;Light Cone;Совместная гибель;3;2023-08-09 13:04:44
278;Character Event Warp;Кафка;Character;Сампо;4;2023-08-09 13:04:44
279;Character Event Warp;Кафка;Light Cone;Решимость блестит подобно жемчужинам пота;4;2023-08-09 13:04:44
280;Character Event Warp;Кафка;Light Cone;Противостояние;3;2023-08-09 13:04:44
281;Character Event Warp;Кафка;Light Cone;Стрелы;3;2023-08-09 13:04:44
282;Character Event Warp;Кафка;Light Cone;Ключ от всех дверей;3;2023-08-09 13:05:09
283;Character Event Warp;Кафка;Light Cone;Падение небес;3;2023-08-09 13:05:09
284;Character Event Warp;Кафка;Light Cone;Пустота;3;2023-08-09 13:05:09
285;Character Event Warp;Кафка;Light Cone;Оборона;3;2023-08-09 13:05:09
286;Character Event Warp;Кафка;Light Cone;Стрелы;3;2023-08-09 13:05:09
287;Character Event Warp;Кафка;Light Cone;Падение небес;3;2023-08-09 13:05:09
288;Character Event Warp;Кафка;Light Cone;Размножение;3;2023-08-09 13:05:09
289;Character Event Warp;Кафка;Character;Лука;4;2023-08-09 13:05:09
290;Character Event Warp;Кафка;Light Cone;Рог изобилия;3;2023-08-09 13:05:09
291;Character Event Warp;Кафка;Light Cone;Янтарь;3;2023-08-09 13:05:09
292;Character Event Warp;Кафка;Light Cone;Созвучие;3;2023-08-09 13:05:25
293;Character Event Warp;Кафка;Light Cone;Падение небес;3;2023-08-09 13:05:25
294;Character Event Warp;Кафка;Light Cone;Ключ от всех дверей;3;2023-08-09 13:05:25
295;Character Event Warp;Кафка;Light Cone;Сцепленные шестерни;3;2023-08-09 13:05:25
296;Character Event Warp;Кафка;Light Cone;Петля;3;2023-08-09 13:05:25
297;Character Event Warp;Кафка;Light Cone;Выпущенная стрела;3;2023-08-09 13:05:25
298;Character Event Warp;Кафка;Character;Сервал;4;2023-08-09 13:05:25
299;Character Event Warp;Кафка;Light Cone;Совместная гибель;3;2023-08-09 13:05:25
300;Character Event Warp;Кафка;Light Cone;Оборона;3;2023-08-09 13:05:25
301;Character Event Warp;Кафка;Light Cone;Спелый плод;3;2023-08-09 13:05:25
302;Character Event Warp;Кафка;Light Cone;Сцепленные шестерни;3;2023-08-09 13:05:45
303;Character Event Warp;Кафка;Light Cone;База данных;3;2023-08-09 13:05:45
304;Character Event Warp;Кафка;Light Cone;Рог изобилия;3;2023-08-09 13:05:45
305;Character Event Warp;Кафка;Light Cone;Выпущенная стрела;3;2023-08-09 13:05:45
306;Character Event Warp;Кафка;Character;Сампо;4;2023-08-09 13:05:45
307;Character Event Warp;Кафка;Light Cone;Проницательность;3;2023-08-09 13:05:45
308;Character Event Warp;Кафка;Character;Кафка;5;2023-08-09 13:05:45
309;Character Event Warp;Кафка;Light Cone;Падение небес;3;2023-08-09 13:05:45
310;Character Event Warp;Кафка;Light Cone;Противостояние;3;2023-08-09 13:05:45
311;Character Event Warp;Кафка;Light Cone;Противостояние;3;2023-08-09 13:05:45
312;Character Event Warp;Кафка;Light Cone;Совместная гибель;3;2023-08-09 13:16:03
313;Character Event Warp;Кафка;Light Cone;Петля;3;2023-08-09 13:16:07
314;Character Event Warp;Кафка;Light Cone;Новые горизонты;3;2023-08-09 13:16:11
315;Character Event Warp;Кафка;Light Cone;Ключ от всех дверей;3;2023-08-09 19:00:08
316;Character Event Warp;Кафка;Light Cone;Тренд галактического рынка;4;2023-08-09 19:00:31
317;Character Event Warp;Кафка;Light Cone;Спелый плод;3;2023-08-10 09:54:45
318;Character Event Warp;Кафка;Light Cone;Выпущенная стрела;3;2023-08-10 19:38:30
319;Character Event Warp;Кафка;Light Cone;Противостояние;3;2023-08-10 20:00:30
320;Character Event Warp;Кафка;Light Cone;Выпущенная стрела;3;2023-08-14 21:04:52
321;Character Event Warp;Кафка;Light Cone;Спелый плод;3;2023-08-14 21:04:52
322;Character Event Warp;Кафка;Light Cone;Оборона;3;2023-08-14 21:04:52
323;Character Event Warp;Кафка;Light Cone;Размножение;3;2023-08-14 21:04:52
324;Character Event Warp;Кафка;Light Cone;Размножение;3;2023-08-14 21:04:52
325;Character Event Warp;Кафка;Light Cone;Совместная гибель;3;2023-08-14 21:04:52
326;Character Event Warp;Кафка;Character;Лука;4;2023-08-14 21:04:52
327;Character Event Warp;Кафка;Light Cone;Хор;3;2023-08-14 21:04:52
328;Character Event Warp;Кафка;Light Cone;Рог изобилия;3;2023-08-14 21:04:52
329;Character Event Warp;Кафка;Light Cone;Падение небес;3;2023-08-14 21:04:52
330;Character Event Warp;Кафка;Light Cone;Оборона;3;2023-08-14 21:05:27
331;Character Event Warp;Кафка;Light Cone;Отдых гениев;4;2023-08-15 11:11:45
332;Character Event Warp;Кафка;Light Cone;Ключ от всех дверей;3;2023-08-15 12:12:53
333;Character Event Warp;Кафка;Light Cone;Петля;3;2023-08-17 00:12:30
334;Character Event Warp;Кафка;Light Cone;Совместная гибель;3;2023-08-17 21:49:50
335;Character Event Warp;Кафка;Light Cone;Падение небес;3;2023-08-18 10:27:24
336;Character Event Warp;Кафка;Light Cone;Размножение;3;2023-08-18 15:16:58
337;Character Event Warp;Кафка;Light Cone;Рог изобилия;3;2023-08-18 15:17:06
338;Character Event Warp;Кафка;Light Cone;Падение небес;3;2023-08-19 23:11:57
339;Character Event Warp;Кафка;Light Cone;Проницательность;3;2023-08-20 01:09:34
340;Character Event Warp;Кафка;Character;Сампо;4;2023-08-20 01:09:41
341;Character Event Warp;Кафка;Light Cone;Ключ от всех дверей;3;2023-08-20 10:56:09
342;Character Event Warp;Кафка;Light Cone;Сцепленные шестерни;3;2023-08-20 11:35:35
343;Character Event Warp;Кафка;Light Cone;База данных;3;2023-08-21 09:26:19
344;Character Event Warp;Кафка;Light Cone;Размножение;3;2023-08-21 10:06:44
345;Character Event Warp;Кафка;Light Cone;Сцепленные шестерни;3;2023-08-21 14:28:18
346;Character Event Warp;Кафка;Light Cone;База данных;3;2023-08-26 11:47:35
347;Character Event Warp;Кафка;Light Cone;Рог изобилия;3;2023-08-26 11:47:42
348;Character Event Warp;Кафка;Light Cone;Размножение;3;2023-08-26 11:47:58
349;Character Event Warp;Кафка;Light Cone;Совместная гибель;3;2023-08-26 11:48:07
350;Character Event Warp;Кафка;Light Cone;Взгляд жертвы;4;2023-08-26 11:48:15
351;Character Event Warp;Кафка;Light Cone;Стрелы;3;2023-08-26 11:48:23
352;Character Event Warp;Кафка;Light Cone;Противостояние;3;2023-08-27 10:02:04
353;Character Event Warp;Кафка;Light Cone;Спелый плод;3;2023-08-28 09:52:26
354;Character Event Warp;Кафка;Light Cone;Скрытая тень;3;2023-08-29 10:05:20
355;Character Event Warp;Кафка;Light Cone;Хор;3;2023-08-29 10:29:31
356;Character Event Warp;Кафка;Light Cone;Янтарь;3;2023-08-29 12:23:48
357;Character Event Warp;Фу Сюань;Character;Хук;4;2023-09-20 14:38:41
358;Character Event Warp;Фу Сюань;Light Cone;База данных;3;2023-09-20 14:38:41
359;Character Event Warp;Фу Сюань;Light Cone;Ключ от всех дверей;3;2023-09-20 14:38:41
360;Character Event Warp;Фу Сюань;Light Cone;Созвучие;3;2023-09-20 14:38:41
361;Character Event Warp;Фу Сюань;Character;Рысь;4;2023-09-20 14:38:41
362;Character Event Warp;Фу Сюань;Light Cone;Ключ от всех дверей;3;2023-09-20 14:38:41
363;Character Event Warp;Фу Сюань;Light Cone;Скрытая тень;3;2023-09-20 14:38:41
364;Character Event Warp;Фу Сюань;Light Cone;Выпущенная стрела;3;2023-09-20 14:38:41
365;Character Event Warp;Фу Сюань;Light Cone;Пустота;3;2023-09-20 14:38:41
366;Character Event Warp;Фу Сюань;Light Cone;Новые горизонты;3;2023-09-20 14:38:41
367;Character Event Warp;Фу Сюань;Light Cone;Янтарь;3;2023-09-20 14:39:15
368;Character Event Warp;Фу Сюань;Light Cone;Совместная гибель;3;2023-09-20 14:39:15
369;Character Event Warp;Фу Сюань;Light Cone;Петля;3;2023-09-20 14:39:15
370;Character Event Warp;Фу Сюань;Light Cone;Созвучие;3;2023-09-20 14:39:15
371;Character Event Warp;Фу Сюань;Character;Рысь;4;2023-09-20 14:39:15
372;Character Event Warp;Фу Сюань;Light Cone;Выпущенная стрела;3;2023-09-20 14:39:15
373;Character Event Warp;Фу Сюань;Light Cone;Совместная гибель;3;2023-09-20 14:39:15
374;Character Event Warp;Фу Сюань;Light Cone;База данных;3;2023-09-20 14:39:15
375;Character Event Warp;Фу Сюань;Light Cone;Выпущенная стрела;3;2023-09-20 14:39:15
376;Character Event Warp;Фу Сюань;Light Cone;Падение небес;3;2023-09-20 14:39:15
377;Character Event Warp;Фу Сюань;Light Cone;Спелый плод;3;2023-09-20 14:39:31
378;Character Event Warp;Фу Сюань;Light Cone;Рог изобилия;3;2023-09-20 14:39:31
379;Character Event Warp;Фу Сюань;Light Cone;Противостояние;3;2023-09-20 14:39:31
380;Character Event Warp;Фу Сюань;Character;Хук;4;2023-09-20 14:39:31
381;Character Event Warp;Фу Сюань;Light Cone;Рог изобилия;3;2023-09-20 14:39:31
382;Character Event Warp;Фу Сюань;Light Cone;Петля;3;2023-09-20 14:39:31
383;Character Event Warp;Фу Сюань;Light Cone;Созвучие;3;2023-09-20 14:39:31
384;Character Event Warp;Фу Сюань;Character;Яньцин;5;2023-09-20 14:39:31
385;Character Event Warp;Фу Сюань;Light Cone;Рог изобилия;3;2023-09-20 14:39:31
386;Character Event Warp;Фу Сюань;Light Cone;Янтарь;3;2023-09-20 14:39:31
387;Character Event Warp;Фу Сюань;Character;Пела;4;2023-09-20 14:41:35
388;Character Event Warp;Фу Сюань;Light Cone;Оборона;3;2023-09-20 14:41:35
389;Character Event Warp;Фу Сюань;Light Cone;Новые горизонты;3;2023-09-20 14:41:35
390;Character Event Warp;Фу Сюань;Light Cone;Сцепленные шестерни;3;2023-09-20 14:41:35
391;Character Event Warp;Фу Сюань;Light Cone;Янтарь;3;2023-09-20 14:41:35
392;Character Event Warp;Фу Сюань;Light Cone;Проницательность;3;2023-09-20 14:41:35
393;Character Event Warp;Фу Сюань;Light Cone;Проницательность;3;2023-09-20 14:41:35
394;Character Event Warp;Фу Сюань;Light Cone;Ключ от всех дверей;3;2023-09-20 14:41:35
395;Character Event Warp;Фу Сюань;Light Cone;Хор;3;2023-09-20 14:41:35
396;Character Event Warp;Фу Сюань;Character;Рысь;4;2023-09-20 14:41:35
397;Character Event Warp;Фу Сюань;Light Cone;База данных;3;2023-09-20 14:41:56
398;Character Event Warp;Фу Сюань;Light Cone;Петля;3;2023-09-20 14:41:56
399;Character Event Warp;Фу Сюань;Light Cone;Петля;3;2023-09-20 14:41:56
400;Character Event Warp;Фу Сюань;Light Cone;Сцепленные шестерни;3;2023-09-20 14:41:56
401;Character Event Warp;Фу Сюань;Light Cone;Падение небес;3;2023-09-20 14:41:56
402;Character Event Warp;Фу Сюань;Light Cone;Спелый плод;3;2023-09-20 14:41:56
403;Character Event Warp;Фу Сюань;Light Cone;Размножение;3;2023-09-20 14:41:56
404;Character Event Warp;Фу Сюань;Light Cone;База данных;3;2023-09-20 14:41:56
405;Character Event Warp;Фу Сюань;Light Cone;Выпущенная стрела;3;2023-09-20 14:41:56
406;Character Event Warp;Фу Сюань;Character;Хук;4;2023-09-20 14:41:56
407;Character Event Warp;Фу Сюань;Light Cone;Противостояние;3;2023-09-20 14:42:29
408;Character Event Warp;Фу Сюань;Light Cone;Созвучие;3;2023-09-20 14:42:29
409;Character Event Warp;Фу Сюань;Light Cone;Проницательность;3;2023-09-20 14:42:29
410;Character Event Warp;Фу Сюань;Light Cone;Расколовшийся дом;3;2023-09-20 14:42:29
411;Character Event Warp;Фу Сюань;Light Cone;Ключ от всех дверей;3;2023-09-20 14:42:29
412;Character Event Warp;Фу Сюань;Light Cone;Янтарь;3;2023-09-20 14:42:29
413;Character Event Warp;Фу Сюань;Light Cone;Противостояние;3;2023-09-20 14:42:29
414;Character Event Warp;Фу Сюань;Light Cone;Хор;3;2023-09-20 14:42:29
415;Character Event Warp;Фу Сюань;Light Cone;Падение небес;3;2023-09-20 14:42:29
416;Character Event Warp;Фу Сюань;Character;Рысь;4;2023-09-20 14:42:29
417;Character Event Warp;Фу Сюань;Light Cone;Ключ от всех дверей;3;2023-09-20 14:43:00
418;Character Event Warp;Фу Сюань;Light Cone;Хор;3;2023-09-20 14:43:00
419;Character Event Warp;Фу Сюань;Light Cone;Оборона;3;2023-09-20 14:43:00
420;Character Event Warp;Фу Сюань;Light Cone;Новые горизонты;3;2023-09-20 14:43:00
421;Character Event Warp;Фу Сюань;Light Cone;Падение небес;3;2023-09-20 14:43:00
422;Character Event Warp;Фу Сюань;Light Cone;Скрытая тень;3;2023-09-20 14:43:00
423;Character Event Warp;Фу Сюань;Light Cone;Пустота;3;2023-09-20 14:43:00
424;Character Event Warp;Фу Сюань;Light Cone;Противостояние;3;2023-09-20 14:43:00
425;Character Event Warp;Фу Сюань;Light Cone;Ключ от всех дверей;3;2023-09-20 14:43:00
426;Character Event Warp;Фу Сюань;Light Cone;Отдых гениев;4;2023-09-20 14:43:00
427;Character Event Warp;Фу Сюань;Light Cone;Оборона;3;2023-09-20 14:43:21
428;Character Event Warp;Фу Сюань;Light Cone;Сцепленные шестерни;3;2023-09-20 14:43:21
429;Character Event Warp;Фу Сюань;Light Cone;Стрелы;3;2023-09-20 14:43:21
430;Character Event Warp;Фу Сюань;Light Cone;Оборона;3;2023-09-20 14:43:21
431;Character Event Warp;Фу Сюань;Light Cone;Скрытая тень;3;2023-09-20 14:43:21
432;Character Event Warp;Фу Сюань;Light Cone;Размножение;3;2023-09-20 14:43:21
433;Character Event Warp;Фу Сюань;Light Cone;Выпущенная стрела;3;2023-09-20 14:43:21
434;Character Event Warp;Фу Сюань;Light Cone;Оборона;3;2023-09-20 14:43:21
435;Character Event Warp;Фу Сюань;Character;Пела;4;2023-09-20 14:43:21
436;Character Event Warp;Фу Сюань;Light Cone;Выпущенная стрела;3;2023-09-20 14:43:21
437;Character Event Warp;Фу Сюань;Light Cone;Выпущенная стрела;3;2023-09-20 14:43:21
438;Character Event Warp;Фу Сюань;Light Cone;Расколовшийся дом;3;2023-09-20 14:43:45
439;Character Event Warp;Фу Сюань;Light Cone;Противостояние;3;2023-09-20 14:44:03
440;Character Event Warp;Фу Сюань;Light Cone;Созвучие;3;2023-09-20 14:44:03
441;Character Event Warp;Фу Сюань;Light Cone;Выпущенная стрела;3;2023-09-20 14:44:03
442;Character Event Warp;Фу Сюань;Light Cone;Выпущенная стрела;3;2023-09-20 14:44:03
443;Character Event Warp;Фу Сюань;Light Cone;Сцепленные шестерни;3;2023-09-20 14:44:03
444;Character Event Warp;Фу Сюань;Light Cone;Оборона;3;2023-09-20 14:44:03
445;Character Event Warp;Фу Сюань;Light Cone;Под голубым небом;4;2023-09-20 14:44:03
446;Character Event Warp;Фу Сюань;Light Cone;Выпущенная стрела;3;2023-09-20 14:44:03
447;Character Event Warp;Фу Сюань;Light Cone;Расколовшийся дом;3;2023-09-20 14:44:03
448;Character Event Warp;Фу Сюань;Light Cone;Выпущенная стрела;3;2023-09-20 14:44:03
449;Character Event Warp;Фу Сюань;Light Cone;База данных;3;2023-09-20 14:44:35
450;Character Event Warp;Фу Сюань;Light Cone;Рог изобилия;3;2023-09-20 15:08:45
451;Character Event Warp;Фу Сюань;Light Cone;Расколовшийся дом;3;2023-09-20 15:09:23
452;Character Event Warp;Фу Сюань;Character;Хук;4;2023-09-20 15:48:25
453;Character Event Warp;Фу Сюань;Light Cone;Оборона;3;2023-09-21 11:16:28
454;Character Event Warp;Фу Сюань;Light Cone;Совместная гибель;3;2023-09-21 11:28:25
455;Character Event Warp;Фу Сюань;Light Cone;База данных;3;2023-09-21 11:28:41
456;Character Event Warp;Фу Сюань;Light Cone;Противостояние;3;2023-09-21 11:28:57
457;Character Event Warp;Фу Сюань;Light Cone;Оборона;3;2023-09-21 11:29:12
458;Character Event Warp;Фу Сюань;Light Cone;Стрелы;3;2023-09-21 11:29:28
459;Character Event Warp;Фу Сюань;Light Cone;Созвучие;3;2023-09-21 11:42:20
460;Character Event Warp;Фу Сюань;Light Cone;Размножение;3;2023-09-21 23:31:37
461;Character Event Warp;Фу Сюань;Character;Фу Сюань;5;2023-09-21 23:32:37
462;Character Event Warp;Фу Сюань;Light Cone;Под голубым небом;4;2023-09-21 23:31:05
463;Character Event Warp;Фу Сюань;Light Cone;Выпущенная стрела;3;2023-09-22 10:23:46
464;Character Event Warp;Фу Сюань;Light Cone;Хор;3;2023-09-25 13:02:48
465;Character Event Warp;Фу Сюань;Light Cone;Выпущенная стрела;3;2023-09-25 13:02:54
466;Character Event Warp;Фу Сюань;Light Cone;Спелый плод;3;2023-09-25 13:03:00
467;Character Event Warp;Фу Сюань;Light Cone;Новые горизонты;3;2023-09-26 01:07:35
468;Character Event Warp;Фу Сюань;Light Cone;Размножение;3;2023-09-26 10:44:49
469;Character Event Warp;Фу Сюань;Light Cone;Новые горизонты;3;2023-09-27 08:48:46
470;Character Event Warp;Фу Сюань;Light Cone;Хор;3;2023-09-27 20:39:21
471;Character Event Warp;Фу Сюань;Character;Хук;4;2023-09-28 18:32:18
472;Character Event Warp;Фу Сюань;Light Cone;Сцепленные шестерни;3;2023-10-04 18:25:07
473;Character Event Warp;Фу Сюань;Character;Хук;4;2023-10-04 18:25:07
474;Character Event Warp;Фу Сюань;Light Cone;База данных;3;2023-10-04 18:25:07
475;Character Event Warp;Фу Сюань;Light Cone;Петля;3;2023-10-04 18:25:07
476;Character Event Warp;Фу Сюань;Light Cone;Рог изобилия;3;2023-10-04 18:25:07
477;Character Event Warp;Фу Сюань;Light Cone;Скрытая тень;3;2023-10-04 18:25:07
478;Character Event Warp;Фу Сюань;Light Cone;Сцепленные шестерни;3;2023-10-04 18:25:07
479;Character Event Warp;Фу Сюань;Light Cone;Скрытая тень;3;2023-10-04 18:25:07
480;Character Event Warp;Фу Сюань;Light Cone;Оборона;3;2023-10-04 18:25:07
481;Character Event Warp;Фу Сюань;Light Cone;Спелый плод;3;2023-10-04 18:25:07
482;Character Event Warp;Фу Сюань;Character;Пела;4;2023-10-04 18:25:38
483;Character Event Warp;Фу Сюань;Light Cone;Рог изобилия;3;2023-10-04 18:25:38
484;Character Event Warp;Фу Сюань;Light Cone;Ключ от всех дверей;3;2023-10-04 18:25:38
485;Character Event Warp;Фу Сюань;Light Cone;База данных;3;2023-10-04 18:25:38
486;Character Event Warp;Фу Сюань;Light Cone;Скрытая тень;3;2023-10-04 18:25:38
487;Character Event Warp;Фу Сюань;Light Cone;Противостояние;3;2023-10-04 18:25:38
488;Character Event Warp;Фу Сюань;Light Cone;Расколовшийся дом;3;2023-10-04 18:25:38
489;Character Event Warp;Фу Сюань;Light Cone;Янтарь;3;2023-10-04 18:25:38
490;Character Event Warp;Фу Сюань;Light Cone;Стрелы;3;2023-10-04 18:25:38
491;Character Event Warp;Фу Сюань;Light Cone;Новые горизонты;3;2023-10-04 18:25:38
492;Character Event Warp;Jingliu;Light Cone;Зарождение себя;4;2023-10-11 10:36:58
493;Character Event Warp;Jingliu;Light Cone;Пустота;3;2023-10-11 10:36:58
494;Character Event Warp;Jingliu;Light Cone;Спелый плод;3;2023-10-11 10:36:58
495;Character Event Warp;Jingliu;Light Cone;Совместная гибель;3;2023-10-11 10:36:58
496;Character Event Warp;Jingliu;Light Cone;Скрытая тень;3;2023-10-11 10:36:58
497;Character Event Warp;Jingliu;Light Cone;Совместная гибель;3;2023-10-11 10:36:58
498;Character Event Warp;Jingliu;Light Cone;Хор;3;2023-10-11 10:36:58
499;Character Event Warp;Jingliu;Light Cone;Янтарь;3;2023-10-11 10:36:58
500;Character Event Warp;Jingliu;Light Cone;Проницательность;3;2023-10-11 10:36:58
501;Character Event Warp;Jingliu;Light Cone;Рог изобилия;3;2023-10-11 10:36:58
502;Character Event Warp;Jingliu;Character;Тинъюнь;4;2023-10-11 10:38:48
503;Character Event Warp;Jingliu;Light Cone;Оборона;3;2023-10-11 10:38:48
504;Character Event Warp;Jingliu;Light Cone;Созвучие;3;2023-10-11 10:38:48
505;Character Event Warp;Jingliu;Character;Тинъюнь;4;2023-10-11 10:38:48
506;Character Event Warp;Jingliu;Light Cone;Спелый плод;3;2023-10-11 10:38:48
507;Character Event Warp;Jingliu;Light Cone;Сцепленные шестерни;3;2023-10-11 10:38:48
508;Character Event Warp;Jingliu;Light Cone;Новые горизонты;3;2023-10-11 10:38:48
509;Character Event Warp;Jingliu;Light Cone;Стрелы;3;2023-10-11 10:38:48
510;Character Event Warp;Jingliu;Light Cone;Ключ от всех дверей;3;2023-10-11 10:38:48
511;Character Event Warp;Jingliu;Light Cone;Совместная гибель;3;2023-10-11 10:38:48
512;Character Event Warp;Jingliu;Light Cone;Янтарь;3;2023-10-11 22:31:43
513;Character Event Warp;Jingliu;Light Cone;Хор;3;2023-10-11 22:31:43
514;Character Event Warp;Jingliu;Light Cone;Скрытая тень;3;2023-10-11 22:31:43
515;Character Event Warp;Jingliu;Light Cone;Остается лишь тишина;4;2023-10-11 22:31:43
516;Character Event Warp;Jingliu;Light Cone;Падение небес;3;2023-10-11 22:31:43
517;Character Event Warp;Jingliu;Light Cone;Хор;3;2023-10-11 22:31:43
518;Character Event Warp;Jingliu;Light Cone;Пустота;3;2023-10-11 22:31:43
519;Character Event Warp;Jingliu;Light Cone;Хор;3;2023-10-11 22:31:43
520;Character Event Warp;Jingliu;Light Cone;Пустота;3;2023-10-11 22:31:43
521;Character Event Warp;Jingliu;Light Cone;Противостояние;3;2023-10-11 22:31:43
522;Character Event Warp;Jingliu;Light Cone;Выпущенная стрела;3;2023-10-11 22:31:43
523;Character Event Warp;Jingliu;Light Cone;Выпущенная стрела;3;2023-10-13 13:28:16
524;Character Event Warp;Jingliu;Light Cone;Созвучие;3;2023-10-13 13:28:16
525;Character Event Warp;Jingliu;Light Cone;Пустота;3;2023-10-13 13:28:16
526;Character Event Warp;Jingliu;Character;Тинъюнь;4;2023-10-13 13:28:16
527;Character Event Warp;Jingliu;Light Cone;Спелый плод;3;2023-10-13 13:28:16
528;Character Event Warp;Jingliu;Light Cone;Падение небес;3;2023-10-13 13:28:16
529;Character Event Warp;Jingliu;Light Cone;Спелый плод;3;2023-10-13 13:28:16
530;Character Event Warp;Jingliu;Light Cone;Скрытая тень;3;2023-10-13 13:28:16
531;Character Event Warp;Jingliu;Light Cone;Хор;3;2023-10-13 13:28:16
532;Character Event Warp;Jingliu;Light Cone;Противостояние;3;2023-10-13 13:28:16
533;Character Event Warp;Jingliu;Light Cone;Размножение;3;2023-10-13 13:28:53
534;Character Event Warp;Jingliu;Light Cone;Проницательность;3;2023-10-13 13:28:53
535;Character Event Warp;Jingliu;Character;Сампо;4;2023-10-13 13:28:53
536;Character Event Warp;Jingliu;Light Cone;Размножение;3;2023-10-13 13:28:53
537;Character Event Warp;Jingliu;Character;Гепард;5;2023-10-13 13:28:53
538;Character Event Warp;Jingliu;Light Cone;База данных;3;2023-10-13 13:28:53
539;Character Event Warp;Jingliu;Character;Тинъюнь;4;2023-10-13 13:28:53
540;Character Event Warp;Jingliu;Light Cone;Совместная гибель;3;2023-10-13 13:28:53
541;Character Event Warp;Jingliu;Light Cone;Противостояние;3;2023-10-13 13:28:53
542;Character Event Warp;Jingliu;Light Cone;Оборона;3;2023-10-13 13:28:53
543;Character Event Warp;Jingliu;Light Cone;Петля;3;2023-10-13 14:22:03
544;Character Event Warp;Jingliu;Light Cone;Новые горизонты;3;2023-10-13 14:22:03
545;Character Event Warp;Jingliu;Light Cone;Хор;3;2023-10-13 14:22:03
546;Character Event Warp;Jingliu;Light Cone;Ключ от всех дверей;3;2023-10-13 14:22:03
547;Character Event Warp;Jingliu;Light Cone;Хор;3;2023-10-13 14:22:03
548;Character Event Warp;Jingliu;Light Cone;Ключ от всех дверей;3;2023-10-13 14:22:03
549;Character Event Warp;Jingliu;Character;Тинъюнь;4;2023-10-13 14:22:03
550;Character Event Warp;Jingliu;Light Cone;Расколовшийся дом;3;2023-10-13 14:22:03
551;Character Event Warp;Jingliu;Light Cone;Пустота;3;2023-10-13 14:22:03
552;Character Event Warp;Jingliu;Light Cone;Скрытая тень;3;2023-10-13 14:22:03
553;Character Event Warp;Jingliu;Light Cone;Пусть мир не стихает;4;2023-10-14 22:08:43
554;Character Event Warp;Jingliu;Light Cone;Выпущенная стрела;3;2023-10-14 22:08:43
555;Character Event Warp;Jingliu;Light Cone;База данных;3;2023-10-14 22:08:43
556;Character Event Warp;Jingliu;Light Cone;Сцепленные шестерни;3;2023-10-14 22:08:43
557;Character Event Warp;Jingliu;Light Cone;Ключ от всех дверей;3;2023-10-14 22:08:43
558;Character Event Warp;Jingliu;Light Cone;Размножение;3;2023-10-14 22:08:43
559;Character Event Warp;Jingliu;Light Cone;Созвучие;3;2023-10-14 22:08:43
560;Character Event Warp;Jingliu;Light Cone;Расколовшийся дом;3;2023-10-14 22:08:43
561;Character Event Warp;Jingliu;Light Cone;Выпущенная стрела;3;2023-10-14 22:08:43
562;Character Event Warp;Jingliu;Character;Тинъюнь;4;2023-10-14 22:08:43
563;Character Event Warp;Jingliu;Light Cone;Янтарь;3;2023-10-15 14:57:14
564;Character Event Warp;Jingliu;Light Cone;Выпущенная стрела;3;2023-10-15 14:57:14
565;Character Event Warp;Jingliu;Light Cone;Расколовшийся дом;3;2023-10-15 14:57:14
566;Character Event Warp;Jingliu;Light Cone;Стрелы;3;2023-10-15 14:57:14
567;Character Event Warp;Jingliu;Light Cone;Созвучие;3;2023-10-15 14:57:14
568;Character Event Warp;Jingliu;Light Cone;Созвучие;3;2023-10-15 14:57:14
569;Character Event Warp;Jingliu;Character;Сампо;4;2023-10-15 14:57:14
570;Character Event Warp;Jingliu;Light Cone;Оборона;3;2023-10-15 14:57:14
571;Character Event Warp;Jingliu;Light Cone;Падение небес;3;2023-10-15 14:57:14
572;Character Event Warp;Jingliu;Light Cone;Проницательность;3;2023-10-15 14:57:14
